image1,image2,prompt_type,prompt_number,prompt_text,generated_text
Benzoic_acid.png,Phenol.png,Baseline,1,"Which molecule is a stronger acid or base, the first or the second? Why?","It is not possible to determine which molecule is a stronger acid or base without knowing the specific molecules being compared. The strength of an acid or base is determined by its ability to donate or accept protons (H+ ions) from a substance, respectively. The stronger the acid or base, the more protons it can donate or accept. Please provide the names of the two molecules you are comparing, and I can help you determine which one is stronger."
Benzoic_acid.png,Phenol.png,Stepwise,2,"Step 1: Identify the most acidic or basic site in each molecule. Step 2: Consider how stable the molecule is after gaining or losing a proton. Step 3: Say which molecule is stronger, the first or the second, and explain why.","To determine the most acidic or basic site in each molecule, we need to consider the Lewis acid-base theory. In this theory, a molecule can act as a Lewis acid or a Lewis base, depending on the number of unshared electrons it has.

Step 1: Identify the most acidic or basic site in each molecule.

1. H2O: The molecule has a lone pair of electrons on the oxygen atom, making it a Lewis base. The most acidic site is the oxygen atom.

2. CH4: The molecule has a tetrahedral structure with no unshared electrons, making it a Lewis acid. The most basic site is the carbon atom.

3. NH3: The molecule has a lone pair of electrons on the nitrogen atom, making it a Lewis base. The most acidic site is the nitrogen atom.

4. CO2: The molecule has a linear structure with a double bond between the carbon and oxygen atoms, making it a Lewis acid. The most basic site is the carbon atom.

Step 2: Consider how stable the molecule is after gaining or losing a proton.

1. H2O: Gaining a proton (H+) would make it a stronger Lewis base, as it would have a more stable electron pair.

2. CH4: Losing a proton (H+) would make it a weaker Lewis acid, as it would have a less stable electron pair.

3. NH3: Gaining a proton (H+) would make it a stronger Lewis base, as it would have a more stable electron pair.

4. CO2: Losing a proton (H+) would make it a weaker Lewis acid, as it would have a less stable electron pair.

Step 3: Say which molecule is stronger, the first or the second, and explain why.

1. H2O: The first molecule (H2O) is stronger than the second molecule (NH3) because it has a more stable electron pair, making it a stronger Lewis base.

2. CH4: The second molecule (CH4) is stronger than the first molecule (H2O) because it has a more stable electron pair, making it a stronger Lewis acid.

3. NH3: The first molecule (H2O) is stronger than the second molecule (NH3) because it has a more stable electron pair, making it a stronger Lewis base.

4. CO"
Benzoic_acid.png,Phenol.png,Stepwise,3,Step 1: Find the most likely proton donor or acceptor in each molecule. Step 2: Compare their strength based on electronegativity or charge stability. Step 3: Pick the more reactive one.,"To find the most likely proton donor or acceptor in each molecule, you can use the following steps:

1. Identify the functional groups in each molecule. Functional groups are regions of a molecule that have specific chemical properties and reactivity.
2. Determine the electronegativity of each atom in the molecule. Electronegativity is a measure of an atom's tendency to attract electrons. Higher electronegativity values indicate stronger attraction for electrons.
3. Identify the atoms in the molecule that have the highest electronegativity values. These atoms are more likely to be proton donors or acceptors.
4. Compare the strength of the proton donor or acceptor based on electronegativity or charge stability. Stronger proton donors or acceptors will have higher electronegativity values or more negative charges.
5. Determine the most reactive proton donor or acceptor based on the comparison of their strength. The more reactive one will be the one with the highest electronegativity value or the most negative charge.

For example, in the molecule H2O, the oxygen atom is the most electronegative atom and has a negative charge, making it the most likely proton acceptor. In the molecule NH3, the nitrogen atom is the most electronegative atom and has a negative charge, making it the most likely proton acceptor."
Benzoic_acid.png,Phenol.png,Visual_first,4,"Examine the image only. Based on visible atom types and bonds, which molecule appears stronger in acid/base behavior? End by stating 'first' or 'second'.",I cannot examine images. Please provide a description of the molecules or the chemical structures.
Benzoic_acid.png,Phenol.png,Visual_first,5,Look at the molecular structures and visually compare atoms and groups. Which molecule has more acidic or basic features visible in the image? Choose first or second.,"I'm sorry, but I cannot view images or compare molecular structures. However, I can help you with information about acids and bases, their properties, and how to determine them using chemical formulas. If you provide me with the chemical formulas of the molecules, I can help you compare them and determine which one has more acidic or basic features."
Benzoic_acid.png,Phenol.png,Explanation_first,6,"The ability to stabilize charge after proton gain or loss determines acid/base strength. Analyze both molecules, then conclude which is stronger: first or second.","To determine the acid/base strength, we need to analyze the molecules and their ability to stabilize the charge after proton gain or loss.

First molecule: H2SO4 (sulfuric acid)
H2SO4 is a strong acid. It dissociates completely in water to form H+ ions and SO4^2- ions. The H+ ions are released into the solution, while the SO4^2- ions remain in the acid. This results in a stable charge, with a higher concentration of H+ ions than SO4^2- ions.

Second molecule: H2CO3 (carbonic acid)
H2CO3 is a weak acid. It dissociates in water to form H+ ions and CO3^2- ions. However, the H+ ions are not released as quickly as in the case of H2SO4. Instead, they are partially buffered by the CO3^2- ions, which remain in the solution. This results in a less stable charge, with a lower concentration of H+ ions than CO3^2- ions.

Based on the analysis, H2SO4 (sulfuric acid) is a stronger acid than H2CO3 (carbonic acid) because it has a higher concentration of H+ ions and a more stable charge."
Benzoic_acid.png,Phenol.png,Explanation_first,7,"Stronger acids form more stable conjugate bases. Based on that, explain which molecule is more acidic, and say if it’s the first or second molecule.","Stronger acids form more stable conjugate bases. This means that if we compare two molecules with different acidic strengths, the molecule with the higher acidic strength will form a more stable conjugate base.

In general, the first molecule is more acidic. This is because the conjugate base of a stronger acid is more stable than the conjugate base of a weaker acid. Therefore, the first molecule, which is more acidic, will have a more stable conjugate base."
Formic_acid.png,Acetic-acid.png,Baseline,1,"Which molecule is a stronger acid or base, the first or the second? Why?","It is not possible to determine which molecule is a stronger acid or base without knowing the specific molecules being compared. The strength of an acid or base is determined by its ability to donate or accept protons (H+ ions) from a substance, respectively. The stronger the acid or base, the more protons it can donate or accept. Please provide the names of the two molecules you are comparing, and I can help you determine which one is stronger."
Formic_acid.png,Acetic-acid.png,Stepwise,2,"Step 1: Identify the most acidic or basic site in each molecule. Step 2: Consider how stable the molecule is after gaining or losing a proton. Step 3: Say which molecule is stronger, the first or the second, and explain why.","To determine the most acidic or basic site in each molecule, we need to consider the Lewis acid-base theory. In this theory, a molecule can act as a Lewis acid or a Lewis base, depending on the number of unshared electrons it has.

Step 1: Identify the most acidic or basic site in each molecule.

1. H2O: The molecule has a lone pair of electrons on the oxygen atom, making it a Lewis base. The most acidic site is the oxygen atom.

2. CH4: The molecule has a tetrahedral structure with no unshared electrons, making it a Lewis acid. The most basic site is the carbon atom.

3. NH3: The molecule has a lone pair of electrons on the nitrogen atom, making it a Lewis base. The most acidic site is the nitrogen atom.

4. CO2: The molecule has a linear structure with a double bond between the carbon and oxygen atoms, making it a Lewis acid. The most basic site is the carbon atom.

Step 2: Consider how stable the molecule is after gaining or losing a proton.

1. H2O: Gaining a proton (H+) would make it a stronger Lewis base, as it would have a more stable electron pair.

2. CH4: Losing a proton (H+) would make it a weaker Lewis acid, as it would have a less stable electron pair.

3. NH3: Gaining a proton (H+) would make it a stronger Lewis base, as it would have a more stable electron pair.

4. CO2: Losing a proton (H+) would make it a weaker Lewis acid, as it would have a less stable electron pair.

Step 3: Say which molecule is stronger, the first or the second, and explain why.

1. H2O: The first molecule (H2O) is stronger than the second molecule (NH3) because it has a more stable electron pair, making it a stronger Lewis base.

2. CH4: The second molecule (CH4) is stronger than the first molecule (H2O) because it has a more stable electron pair, making it a stronger Lewis acid.

3. NH3: The first molecule (H2O) is stronger than the second molecule (NH3) because it has a more stable electron pair, making it a stronger Lewis base.

4. CO"
Formic_acid.png,Acetic-acid.png,Stepwise,3,Step 1: Find the most likely proton donor or acceptor in each molecule. Step 2: Compare their strength based on electronegativity or charge stability. Step 3: Pick the more reactive one.,"To find the most likely proton donor or acceptor in each molecule, you can use the following steps:

1. Identify the functional groups in each molecule. Functional groups are regions of a molecule that have specific chemical properties and reactivity.
2. Determine the electronegativity of each atom in the molecule. Electronegativity is a measure of an atom's tendency to attract electrons. Higher electronegativity values indicate stronger attraction for electrons.
3. Identify the atoms in the molecule that have the highest electronegativity values. These atoms are more likely to be proton donors or acceptors.
4. Compare the strength of the proton donor or acceptor based on electronegativity or charge stability. Stronger proton donors or acceptors will have higher electronegativity values or more negative charges.
5. Determine the most reactive proton donor or acceptor based on the comparison of their strength. The more reactive one will be the one with the highest electronegativity value or the most negative charge.

For example, in the molecule H2O, the oxygen atom is the most electronegative atom and has a negative charge, making it the most likely proton acceptor. In the molecule NH3, the nitrogen atom is the most electronegative atom and has a negative charge, making it the most likely proton acceptor."
Formic_acid.png,Acetic-acid.png,Visual_first,4,"Examine the image only. Based on visible atom types and bonds, which molecule appears stronger in acid/base behavior? End by stating 'first' or 'second'.",I cannot examine images. Please provide a description of the molecules or the chemical structures.
Formic_acid.png,Acetic-acid.png,Visual_first,5,Look at the molecular structures and visually compare atoms and groups. Which molecule has more acidic or basic features visible in the image? Choose first or second.,"I'm sorry, but I cannot view images or compare molecular structures. However, I can help you with information about acids and bases, their properties, and how to determine them using chemical formulas. If you provide me with the chemical formulas of the molecules, I can help you compare them and determine which one has more acidic or basic features."
Formic_acid.png,Acetic-acid.png,Explanation_first,6,"The ability to stabilize charge after proton gain or loss determines acid/base strength. Analyze both molecules, then conclude which is stronger: first or second.","To determine the acid/base strength, we need to analyze the molecules and their ability to stabilize the charge after proton gain or loss.

First molecule: H2SO4 (sulfuric acid)
H2SO4 is a strong acid. It dissociates completely in water to form H+ ions and SO4^2- ions. The H+ ions are released into the solution, while the SO4^2- ions remain in the acid. This results in a stable charge, with a higher concentration of H+ ions than SO4^2- ions.

Second molecule: H2CO3 (carbonic acid)
H2CO3 is a weak acid. It dissociates in water to form H+ ions and CO3^2- ions. However, the H+ ions are not released as quickly as in the case of H2SO4. Instead, they are partially buffered by the CO3^2- ions, which remain in the solution. This results in a less stable charge, with a lower concentration of H+ ions than CO3^2- ions.

Based on the analysis, H2SO4 (sulfuric acid) is a stronger acid than H2CO3 (carbonic acid) because it has a higher concentration of H+ ions and a more stable charge."
Formic_acid.png,Acetic-acid.png,Explanation_first,7,"Stronger acids form more stable conjugate bases. Based on that, explain which molecule is more acidic, and say if it’s the first or second molecule.","Stronger acids form more stable conjugate bases. This means that if we compare two molecules with different acidic strengths, the molecule with the higher acidic strength will form a more stable conjugate base.

In general, the first molecule is more acidic. This is because the conjugate base of a stronger acid is more stable than the conjugate base of a weaker acid. Therefore, the first molecule, which is more acidic, will have a more stable conjugate base."
Ammonia.png,MeNH2.png,Baseline,1,"Which molecule is a stronger acid or base, the first or the second? Why?","It is not possible to determine which molecule is a stronger acid or base without knowing the specific molecules being compared. The strength of an acid or base is determined by its ability to donate or accept protons (H+ ions) from a substance, respectively. The stronger the acid or base, the more protons it can donate or accept. Please provide the names of the two molecules you are comparing, and I can help you determine which one is stronger."
Ammonia.png,MeNH2.png,Stepwise,2,"Step 1: Identify the most acidic or basic site in each molecule. Step 2: Consider how stable the molecule is after gaining or losing a proton. Step 3: Say which molecule is stronger, the first or the second, and explain why.","To determine the most acidic or basic site in each molecule, we need to consider the Lewis acid-base theory. In this theory, a molecule can act as a Lewis acid or a Lewis base, depending on the number of unshared electrons it has.

Step 1: Identify the most acidic or basic site in each molecule.

1. H2O: The molecule has a lone pair of electrons on the oxygen atom, making it a Lewis base. The most acidic site is the oxygen atom.

2. CH4: The molecule has a tetrahedral structure with no unshared electrons, making it a Lewis acid. The most basic site is the carbon atom.

3. NH3: The molecule has a lone pair of electrons on the nitrogen atom, making it a Lewis base. The most acidic site is the nitrogen atom.

4. CO2: The molecule has a linear structure with a double bond between the carbon and oxygen atoms, making it a Lewis acid. The most basic site is the carbon atom.

Step 2: Consider how stable the molecule is after gaining or losing a proton.

1. H2O: Gaining a proton (H+) would make it a stronger Lewis base, as it would have a more stable electron pair.

2. CH4: Losing a proton (H+) would make it a weaker Lewis acid, as it would have a less stable electron pair.

3. NH3: Gaining a proton (H+) would make it a stronger Lewis base, as it would have a more stable electron pair.

4. CO2: Losing a proton (H+) would make it a weaker Lewis acid, as it would have a less stable electron pair.

Step 3: Say which molecule is stronger, the first or the second, and explain why.

1. H2O: The first molecule (H2O) is stronger than the second molecule (NH3) because it has a more stable electron pair, making it a stronger Lewis base.

2. CH4: The second molecule (CH4) is stronger than the first molecule (H2O) because it has a more stable electron pair, making it a stronger Lewis acid.

3. NH3: The first molecule (H2O) is stronger than the second molecule (NH3) because it has a more stable electron pair, making it a stronger Lewis base.

4. CO"
Ammonia.png,MeNH2.png,Stepwise,3,Step 1: Find the most likely proton donor or acceptor in each molecule. Step 2: Compare their strength based on electronegativity or charge stability. Step 3: Pick the more reactive one.,"To find the most likely proton donor or acceptor in each molecule, you can use the following steps:

1. Identify the functional groups in each molecule. Functional groups are regions of a molecule that have specific chemical properties and reactivity.
2. Determine the electronegativity of each atom in the molecule. Electronegativity is a measure of an atom's tendency to attract electrons. Higher electronegativity values indicate stronger attraction for electrons.
3. Identify the atoms in the molecule that have the highest electronegativity values. These atoms are more likely to be proton donors or acceptors.
4. Compare the strength of the proton donor or acceptor based on electronegativity or charge stability. Stronger proton donors or acceptors will have higher electronegativity values or more negative charges.
5. Determine the most reactive proton donor or acceptor based on the comparison of their strength. The more reactive one will be the one with the highest electronegativity value or the most negative charge.

For example, in the molecule H2O, the oxygen atom is the most electronegative atom and has a negative charge, making it the most likely proton acceptor. In the molecule NH3, the nitrogen atom is the most electronegative atom and has a negative charge, making it the most likely proton acceptor."
Ammonia.png,MeNH2.png,Visual_first,4,"Examine the image only. Based on visible atom types and bonds, which molecule appears stronger in acid/base behavior? End by stating 'first' or 'second'.",I cannot examine images. Please provide a description of the molecules or the chemical structures.
Ammonia.png,MeNH2.png,Visual_first,5,Look at the molecular structures and visually compare atoms and groups. Which molecule has more acidic or basic features visible in the image? Choose first or second.,"I'm sorry, but I cannot view images or compare molecular structures. However, I can help you with information about acids and bases, their properties, and how to determine them using chemical formulas. If you provide me with the chemical formulas of the molecules, I can help you compare them and determine which one has more acidic or basic features."
Ammonia.png,MeNH2.png,Explanation_first,6,"The ability to stabilize charge after proton gain or loss determines acid/base strength. Analyze both molecules, then conclude which is stronger: first or second.","To determine the acid/base strength, we need to analyze the molecules and their ability to stabilize the charge after proton gain or loss.

First molecule: H2SO4 (sulfuric acid)
H2SO4 is a strong acid. It dissociates completely in water to form H+ ions and SO4^2- ions. The H+ ions are released into the solution, while the SO4^2- ions remain in the acid. This results in a stable charge, with a higher concentration of H+ ions than SO4^2- ions.

Second molecule: H2CO3 (carbonic acid)
H2CO3 is a weak acid. It dissociates in water to form H+ ions and CO3^2- ions. However, the H+ ions are not released as quickly as in the case of H2SO4. Instead, they are partially buffered by the CO3^2- ions, which remain in the solution. This results in a less stable charge, with a lower concentration of H+ ions than CO3^2- ions.

Based on the analysis, H2SO4 (sulfuric acid) is a stronger acid than H2CO3 (carbonic acid) because it has a higher concentration of H+ ions and a more stable charge."
Ammonia.png,MeNH2.png,Explanation_first,7,"Stronger acids form more stable conjugate bases. Based on that, explain which molecule is more acidic, and say if it’s the first or second molecule.","Stronger acids form more stable conjugate bases. This means that if we compare two molecules with different acidic strengths, the molecule with the higher acidic strength will form a more stable conjugate base.

In general, the first molecule is more acidic. This is because the conjugate base of a stronger acid is more stable than the conjugate base of a weaker acid. Therefore, the first molecule, which is more acidic, will have a more stable conjugate base."
