image1,image2,prompt_type,prompt_text,generated_text
Benzoic_acid.png,Phenol.png,baseline,"<image_placeholder>First molecule.
        <image_placeholder>Second molecule.
        Which molecule is a stronger acid or base, the first or the second? Why?","The first molecule is a stronger acid than the second molecule. The first molecule is a representation of a carboxylic acid, which is a type of organic acid that contains a carboxyl group. The presence of the carboxyl group (-COOH) in the first molecule indicates that it is a strong acid, as carboxylic acids are known for their high acidity.

The second molecule is a representation of a simple alcohol, which is a type of organic compound that contains a hydroxyl group (-OH). The presence of the hydroxyl group in the second molecule indicates that it is a weak acid, as alcohols are generally weak acids due to the presence of the hydroxyl group, which can donate a proton (H+) to form an acid.

The visual clue that supports this statement is the presence of the carboxyl group in the first molecule, which is a characteristic feature of strong acids, while the second molecule lacks this feature. The strength of an acid is determined by the number of hydrogen atoms it can donate, and carboxylic acids like the first molecule have a higher potential to donate hydrogen atoms due to the presence of the carboxyl group, making them stronger acids."
Benzoic_acid.png,Phenol.png,stepwise,"<image_placeholder>First molecule.
        <image_placeholder>Second molecule.
        Step 1: Identify the most acidic or basic site in each molecule.
        Step 2: Consider how stable the molecule is after gaining or losing a proton.
        Step 3: Say which molecule is stronger, the first or the second, and explain why.","The image shows two molecules, one labeled as ""O"" and the other as ""OH"". The ""O"" molecule is a simple oxygen atom, while the ""OH"" molecule is a hydroxide ion.

Step 1: Identify the most acidic or basic site in each molecule.
- In the ""O"" molecule, the oxygen atom is the most acidic or basic site, as it can accept or donate a proton.
- In the ""OH"" molecule, the oxygen atom is the most acidic or basic site, as it can accept or donate a proton.

Step 2: Consider how stable the molecule is after gaining or losing a proton.
- The ""O"" molecule is more stable than the ""OH"" molecule after losing a proton, as it becomes a simple oxygen atom (O2) which is more stable than a hydroxide ion (OH-).
- The ""OH"" molecule is more stable than the ""O"" molecule after gaining a proton, as it becomes a water molecule (H2O) which is more stable than a simple oxygen atom.

Step 3: Say which molecule is stronger, the first or the second, and explain why.
- The ""OH"" molecule is stronger than the ""O"" molecule because it is more stable after gaining a proton and becomes a water molecule, which is a stronger acid than a simple oxygen atom.

Therefore, the second molecule, ""OH"", is stronger than the first molecule, ""O"", because it is more stable after gaining a proton and becomes a water molecule, which is a stronger acid than a simple oxygen atom."
Benzoic_acid.png,Phenol.png,visual_first,"<image_placeholder>First molecule.
        <image_placeholder>Second molecule.
        Examine the image only. Based on visible atom types and bonds, which molecule appears stronger in acid/base behavior?
        End by stating 'first' or 'second'.",First
Benzoic_acid.png,Phenol.png,explanation_first,"<image_placeholder>First molecule.
        <image_placeholder>Second molecule.
        The ability to stabilize charge after proton gain or loss determines acid/base strength.
        Analyze both molecules, then conclude which is stronger: first or second.","The image shows two chemical structures, which are representations of molecules. The first molecule is labeled with ""H2O,"" indicating it is water, and the second molecule is labeled with ""HOH,"" which is a representation of the hydroxide ion.

To determine the acid/base strength, we need to analyze the molecules based on their ability to stabilize charge after proton gain or loss. Acid strength is typically determined by the number of hydrogen atoms that can be removed from the molecule without breaking the bond to the central atom. Base strength is determined by the number of hydrogen atoms that can be added to the molecule without breaking the bond to the central atom.

In the case of water (H2O), it is a neutral molecule with no acidic or basic properties. It does not have any hydrogen atoms that can be removed or added to stabilize a charge.

In the case of the hydroxide ion (HOH), it is a strong base. The hydroxide ion has a lone pair of electrons that can accept a proton (H+) from another molecule, making it a strong base.

Based on the visual information provided, the second molecule, HOH, is a stronger base than the first molecule, H2O, because it has the ability to stabilize a charge by accepting a proton. Therefore, the second molecule is stronger than the first."
Formic_acid.png,Acetic-acid.png,baseline,"<image_placeholder>First molecule.
        <image_placeholder>Second molecule.
        Which molecule is a stronger acid or base, the first or the second? Why?","The second molecule is a stronger acid than the first. The first molecule is a weak acid, while the second molecule is a strong acid.

The first molecule is represented by the chemical formula H2O, which is water. Water is a weak acid because it dissociates only slightly in an aqueous solution, with a dissociation constant (Ka) of approximately 1 x 10^-14. This means that the hydrogen ions (H+) released from the water molecules are very weak and do not significantly contribute to the acidity of the solution.

The second molecule is represented by the chemical formula HCl, which is hydrochloric acid. Hydrochloric acid is a strong acid because it dissociates completely in an aqueous solution, with a dissociation constant (Ka) of approximately 1 x 10^-7. This means that the hydrogen ions released from the hydrochloric acid molecules are very strong and contribute significantly to the acidity of the solution.

In summary, the second molecule is a stronger acid because it dissociates completely and releases strong hydrogen ions, while the first molecule is a weak acid that dissociates only slightly and releases weak hydrogen ions."
Formic_acid.png,Acetic-acid.png,stepwise,"<image_placeholder>First molecule.
        <image_placeholder>Second molecule.
        Step 1: Identify the most acidic or basic site in each molecule.
        Step 2: Consider how stable the molecule is after gaining or losing a proton.
        Step 3: Say which molecule is stronger, the first or the second, and explain why.","The image shows two chemical structures, which are labeled as the first and second molecules. The first molecule is labeled as ""H2O,"" which is water, and the second molecule is labeled as ""H3C—O—OH,"" which is acetic acid.

To determine which molecule is stronger, we need to consider the acidity or basicity of each molecule. The first molecule, water, is a neutral molecule with no acidic or basic sites. It is a stable molecule that does not readily participate in acid-base reactions.

The second molecule, acetic acid, has an acidic site at the carbon atom attached to the oxygen, which is the carbonyl carbon. This carbon atom can accept a proton (H+) to form an acetic acid ion, which is a stronger acid than water. The basicity of the oxygen atom can also be considered, as it can donate a proton (OH-) to form a hydroxide ion, which is a stronger base than water.

Based on the information provided in the image, the second molecule, acetic acid, is stronger than the first molecule, water, because it has acidic and basic sites that can participate in acid-base reactions, making it a more reactive molecule."
Formic_acid.png,Acetic-acid.png,visual_first,"<image_placeholder>First molecule.
        <image_placeholder>Second molecule.
        Examine the image only. Based on visible atom types and bonds, which molecule appears stronger in acid/base behavior?
        End by stating 'first' or 'second'.",second
Formic_acid.png,Acetic-acid.png,explanation_first,"<image_placeholder>First molecule.
        <image_placeholder>Second molecule.
        The ability to stabilize charge after proton gain or loss determines acid/base strength.
        Analyze both molecules, then conclude which is stronger: first or second.","The second molecule is stronger than the first.

In the first molecule, the central carbon atom is bonded to two hydrogen atoms on one side and an oxygen atom on the other side. This structure is characteristic of a weak acid, as the central carbon atom can easily accept or donate a proton (H+) to form a positively charged ion (H3O+). This results in a more polar molecule, which can lead to the formation of a weak acid-base complex.

In the second molecule, the central carbon atom is bonded to two oxygen atoms on one side and a hydrogen atom on the other side. This structure is characteristic of a strong base, as the central carbon atom can easily accept a proton (H+) from the hydrogen atom to form a positively charged ion (H3O+). This results in a more polar molecule, which can lead to the formation of a strong base-acid complex.

The difference in the ability to stabilize charge after proton gain or loss is a key factor in determining the acid/base strength. The second molecule has a stronger base center, which allows it to accept a proton more readily and form a stronger base-acid complex. This makes the second molecule stronger than the first."
Ammonia.png,MeNH2.png,baseline,"<image_placeholder>First molecule.
        <image_placeholder>Second molecule.
        Which molecule is a stronger acid or base, the first or the second? Why?","The image shows two different molecules, each with a distinct structure and properties. The first molecule is labeled as H3C, which represents a molecule with three hydrogen atoms and one carbon atom. The second molecule is labeled as NH2, which represents a molecule with one nitrogen atom and two hydrogen atoms.

To determine which molecule is a stronger acid or base, we need to consider the functional groups present in each molecule. In the first molecule, H3C, there is no acidic or basic functional group. It is a simple alkane, which is a nonpolar molecule and does not participate in acid-base reactions.

In the second molecule, NH2, there is an amino group (NH2) present. The amino group is a strong base due to the lone pair of electrons on the nitrogen atom. This lone pair can accept a proton (H+) from an acid, making the amino group a strong base.

Therefore, based on the presence of a strong base functional group in the second molecule, it is the stronger acid or base of the two molecules shown in the image."
Ammonia.png,MeNH2.png,stepwise,"<image_placeholder>First molecule.
        <image_placeholder>Second molecule.
        Step 1: Identify the most acidic or basic site in each molecule.
        Step 2: Consider how stable the molecule is after gaining or losing a proton.
        Step 3: Say which molecule is stronger, the first or the second, and explain why.","The image shows two chemical structures, which are molecules with atoms bonded together. The first molecule on the left is labeled as H3C, which indicates that it contains three hydrogen atoms and one carbon atom. The second molecule on the right is labeled as NH3, which indicates that it contains one nitrogen atom and three hydrogen atoms.

To determine which molecule is stronger, we need to consider the stability of each molecule after a proton is added or removed. The first molecule, H3C, is a carbon-hydrogen bond, which is a stable bond. The second molecule, NH3, is a nitrogen-hydrogen bond, which is also a stable bond.

Since both molecules are stable, we cannot determine which one is stronger based on the image provided. However, we can say that both molecules are equally strong in terms of their stability. The image does not provide any information about the acidity or basicity of the molecules, so we cannot determine which molecule is more acidic or basic."
Ammonia.png,MeNH2.png,visual_first,"<image_placeholder>First molecule.
        <image_placeholder>Second molecule.
        Examine the image only. Based on visible atom types and bonds, which molecule appears stronger in acid/base behavior?
        End by stating 'first' or 'second'.",First
Ammonia.png,MeNH2.png,explanation_first,"<image_placeholder>First molecule.
        <image_placeholder>Second molecule.
        The ability to stabilize charge after proton gain or loss determines acid/base strength.
        Analyze both molecules, then conclude which is stronger: first or second.","The second molecule is stronger than the first.

In the first molecule, the nitrogen (N) atom is bonded to two hydrogen (H) atoms through double bonds, which are represented by the dashed lines. This indicates that the nitrogen atom has a partial positive charge, as it is sharing two electrons with the hydrogen atoms. The double bond is stronger than a single bond, which would be represented by a solid line between the nitrogen and hydrogen atoms.

In the second molecule, the nitrogen atom is bonded to one hydrogen atom through a single bond, as indicated by the solid line. This suggests that the nitrogen atom has a more stable charge, as it is sharing only one electron with the hydrogen atom.

The stability of the nitrogen charge is crucial in determining the acid/base strength of a molecule. A more stable charge indicates a stronger acid or base. Therefore, the second molecule, with the nitrogen atom bonded to one hydrogen atom, is stronger than the first molecule, where the nitrogen atom is bonded to two hydrogen atoms through double bonds."
Cytosine.png,Adenine.png,baseline,"<image_placeholder>First molecule.
        <image_placeholder>Second molecule.
        Which molecule is a stronger acid or base, the first or the second? Why?","The image provided shows two different molecules, each with a distinct chemical structure. The first molecule is labeled as ""NH2"" and the second molecule is labeled as ""NH3"".

The first molecule, labeled as ""NH2"", is a functional group known as an amine group. It is a nitrogen-containing functional group that is typically found in the side chain of an amino acid or in the structure of a secondary amine. The presence of the nitrogen atom in the molecule suggests that it is a base, as nitrogen-containing compounds are typically bases.

The second molecule, labeled as ""NH3"", is a functional group known as an amide group. It is a nitrogen-containing functional group that is typically found in the side chain of an amino acid or in the structure of a primary amide. The presence of the nitrogen atom in the molecule suggests that it is a base, as nitrogen-containing compounds are typically bases.

Both molecules are bases, as indicated by the nitrogen atom in each molecule. However, the strength of a base is determined by its ability to donate a proton (H+) to an acid. In the context of these molecules, the nitrogen atom is the primary proton donor, and the strength of the base is determined by the number of hydrogen atoms attached to the nitrogen.

In the first molecule, ""NH2"", there is only one hydrogen atom attached to the nitrogen, making it a weaker base. In the second molecule, ""NH3"", there are three hydrogen atoms attached to the nitrogen, making it a stronger base.

Therefore, based on the visual information provided in the image, the second molecule, ""NH3"", is a stronger acid or base than the first molecule, ""NH2"", because it has more hydrogen atoms attached to the nitrogen, which indicates a stronger proton donor."
Cytosine.png,Adenine.png,stepwise,"<image_placeholder>First molecule.
        <image_placeholder>Second molecule.
        Step 1: Identify the most acidic or basic site in each molecule.
        Step 2: Consider how stable the molecule is after gaining or losing a proton.
        Step 3: Say which molecule is stronger, the first or the second, and explain why.","The image shows two different molecules, each with a distinct chemical structure. The first molecule is labeled as ""NH2"" and the second molecule is labeled as ""NH3"".

The first molecule, labeled as ""NH2"", is a simple nitrogen molecule with two hydrogen atoms attached to the nitrogen atom. The nitrogen atom is sp2 hybridized, which means it has a tetrahedral shape with one electron in the p-orbital. The molecule is not acidic or basic, as it does not have a lone pair of electrons that can accept a proton.

The second molecule, labeled as ""NH3"", is ammonia, which is a strong base. It has a lone pair of electrons on the nitrogen atom that can accept a proton, making it a strong base. The nitrogen atom is sp3 hybridized, which means it has a trigonal pyramid shape with two electrons in the s-orbital. The molecule is more stable than the first molecule because it has a lone pair of electrons that can accept a proton, making it a strong base.

In conclusion, the second molecule is stronger than the first molecule because it is a strong base, while the first molecule is not acidic or basic."
Cytosine.png,Adenine.png,visual_first,"<image_placeholder>First molecule.
        <image_placeholder>Second molecule.
        Examine the image only. Based on visible atom types and bonds, which molecule appears stronger in acid/base behavior?
        End by stating 'first' or 'second'.",First
Cytosine.png,Adenine.png,explanation_first,"<image_placeholder>First molecule.
        <image_placeholder>Second molecule.
        The ability to stabilize charge after proton gain or loss determines acid/base strength.
        Analyze both molecules, then conclude which is stronger: first or second.","The image shows two different chemical structures, which are molecules. The first molecule is labeled as ""NH2"" and the second one is labeled as ""NH3"".

To determine the acid/base strength, we need to analyze the structures and the charges they carry. The first molecule, labeled ""NH2"", has a negative charge (-1) on the nitrogen atom due to the loss of a hydrogen atom. This makes it a base. The second molecule, labeled ""NH3"", has a neutral charge (0) on the nitrogen atom, which makes it an acid.

The ability to stabilize charge after proton gain or loss determines the acid/base strength. Since the first molecule has a negative charge, it would require a proton (H+) to become neutral, making it a strong base. The second molecule, with a neutral charge, would require a proton to become acidic, making it a weak acid.

Therefore, based on the visual information provided, the first molecule is a stronger base than the second molecule."
H2O.png,Methanol.png,baseline,"<image_placeholder>First molecule.
        <image_placeholder>Second molecule.
        Which molecule is a stronger acid or base, the first or the second? Why?","The first molecule is a stronger acid than the second molecule. This can be determined by comparing the number of hydrogen bonds that each molecule can form.

In the first molecule, which is a water molecule (H2O), each hydrogen atom can form two hydrogen bonds with the oxygen atom. This is evident from the structure of the molecule, where the oxygen atom is bonded to two hydrogen atoms, each of which is bonded to a hydrogen atom. This means that each hydrogen atom in the water molecule can form two hydrogen bonds, and the molecule as a whole can form four hydrogen bonds in total.

In the second molecule, which is a carbon dioxide molecule (CO2), the carbon atom can form two double bonds with the oxygen atom. However, each of these double bonds can only form one hydrogen bond. This is because the double bond is a resonance form of a single bond, and the resonance form with the hydrogen bond is not the lowest energy form. Therefore, the carbon dioxide molecule can only form two hydrogen bonds in total.

Comparing the number of hydrogen bonds each molecule can form, the water molecule can form four hydrogen bonds, while the carbon dioxide molecule can only form two hydrogen bonds. This means that the water molecule is a stronger acid because it can dissociate into more hydrogen ions in solution, which can react with more hydrogen ions from other molecules to form water. The carbon dioxide molecule, with fewer hydrogen bonds, is a weaker acid."
H2O.png,Methanol.png,stepwise,"<image_placeholder>First molecule.
        <image_placeholder>Second molecule.
        Step 1: Identify the most acidic or basic site in each molecule.
        Step 2: Consider how stable the molecule is after gaining or losing a proton.
        Step 3: Say which molecule is stronger, the first or the second, and explain why.","The first molecule is more acidic than the second molecule. The first molecule, H2O, has a bond angle of 104.45°, which is less than the ideal bond angle of 180°, indicating that the molecule is bent. This bent structure allows for the delocalization of electron density, making the molecule more polar and increasing its tendency to act as an acid. Additionally, the molecule has a lone pair of electrons on the oxygen atom, which further increases its acidic potential.

The second molecule, CH3COOH, is a stronger acid than the first molecule. This molecule has a bond angle of 104.5°, which is very close to the ideal bond angle of 180°, indicating a more linear structure. The linear structure of the molecule allows for the delocalization of electron density over the entire chain, making the molecule more polar and increasing its tendency to act as an acid. The molecule also has a lone pair of electrons on the carbon atom, which further increases its acidic potential.

In conclusion, the first molecule, H2O, is more acidic than the second molecule, CH3COOH, due to its bent structure and the presence of a lone pair of electrons on the oxygen atom. The second molecule is a stronger acid because of its linear structure and the presence of a lone pair of electrons on the carbon atom."
H2O.png,Methanol.png,visual_first,"<image_placeholder>First molecule.
        <image_placeholder>Second molecule.
        Examine the image only. Based on visible atom types and bonds, which molecule appears stronger in acid/base behavior?
        End by stating 'first' or 'second'.",first
H2O.png,Methanol.png,explanation_first,"<image_placeholder>First molecule.
        <image_placeholder>Second molecule.
        The ability to stabilize charge after proton gain or loss determines acid/base strength.
        Analyze both molecules, then conclude which is stronger: first or second.","The image shows two molecules, one labeled as H2O and the other as C-O. The H2O molecule is depicted with a central oxygen atom bonded to two hydrogen atoms, each represented by a ""H"" symbol. The C-O molecule is shown with a central carbon atom bonded to an oxygen atom, represented by the ""O"" symbol, and a hydrogen atom, represented by the ""H"" symbol.

The H2O molecule is a neutral molecule, meaning it has an equal number of protons and electrons, and therefore no net charge. The C-O molecule, on the other hand, is a polar molecule due to the unequal sharing of electrons between the carbon and oxygen atoms, resulting in a partial negative charge on the oxygen atom and a partial positive charge on the carbon atom.

The visual clues in the image, such as the central position of the oxygen atom in the H2O molecule and the central position of the carbon atom in the C-O molecule, indicate that the H2O molecule is more symmetrical and has a more stable structure. This symmetry and stability are key factors in determining the acid-base properties of molecules.

In terms of acid-base strength, the H2O molecule is a stronger base than the C-O molecule. This is because the H2O molecule has a more stable structure and can more effectively stabilize charge after proton gain or loss, making it a stronger base. The C-O molecule, being a more polar molecule, is less stable and less effective at stabilizing charge, making it a weaker base.

In conclusion, based on the visual information provided in the image, the H2O molecule is stronger than the C-O molecule."
Caffeine.png,Morphine.png,baseline,"<image_placeholder>First molecule.
        <image_placeholder>Second molecule.
        Which molecule is a stronger acid or base, the first or the second? Why?","The image shows two different chemical structures, which are likely to represent molecules with different properties, such as acidity or basicity. However, the image does not provide any direct information about the acidity or basicity of the molecules.

To determine which molecule is a stronger acid or base, we would typically look for visual clues such as the presence of acidic or basic functional groups, the electronegativity of the atoms involved in the molecule, or the presence of conjugate acid-base pairs. In the absence of such information in the image, we cannot accurately determine which molecule is a stronger acid or base.

The first molecule appears to have a benzene ring with a methoxy group attached, while the second molecule has a different ring system with a different functional group attached. Without additional context or information about the properties of these molecules, we cannot make a comparison based on the visual clues present in the image.

In conclusion, based on the visual information provided in the image, we cannot determine which molecule is a stronger acid or base. Further information or context would be required to make such a determination."
Caffeine.png,Morphine.png,stepwise,"<image_placeholder>First molecule.
        <image_placeholder>Second molecule.
        Step 1: Identify the most acidic or basic site in each molecule.
        Step 2: Consider how stable the molecule is after gaining or losing a proton.
        Step 3: Say which molecule is stronger, the first or the second, and explain why.","The image shows two chemical structures, which appear to be molecules. The first molecule on the left has a central carbon atom bonded to three hydrogen atoms (HO), one oxygen atom (O), and one nitrogen atom (N). The second molecule on the right has a central carbon atom bonded to three hydrogen atoms (HO), one oxygen atom (O), and one nitrogen atom (N) with an additional nitrogen atom (N) attached to the central carbon atom.

To determine the acidity or basicity of these molecules, we need to look at the functional groups present. In the first molecule, there is a carboxyl group (COOH) and an amide group (NH2). In the second molecule, there is a carboxyl group (COOH) and an amide group (NH2) as well. Both molecules have a basic nitrogen atom due to the amide group, which can accept a proton (H+) to form a positively charged species.

The stability of these molecules after gaining or losing a proton depends on the strength of the hydrogen bonding and the electrostatic interactions between the atoms. In general, the first molecule is more stable than the second molecule because the carboxyl group in the first molecule can form hydrogen bonds with the water molecules in the environment, stabilizing the molecule. The second molecule, with its carboxyl group, is less stable because it lacks hydrogen bonding partners.

Comparing the two molecules, the first molecule is stronger because it is more stable and has a more extensive network of hydrogen bonding interactions. The second molecule is less stable and has fewer hydrogen bonding interactions, which makes it weaker."
Caffeine.png,Morphine.png,visual_first,"<image_placeholder>First molecule.
        <image_placeholder>Second molecule.
        Examine the image only. Based on visible atom types and bonds, which molecule appears stronger in acid/base behavior?
        End by stating 'first' or 'second'.",First
Caffeine.png,Morphine.png,explanation_first,"<image_placeholder>First molecule.
        <image_placeholder>Second molecule.
        The ability to stabilize charge after proton gain or loss determines acid/base strength.
        Analyze both molecules, then conclude which is stronger: first or second.","The second molecule is stronger than the first.

In the first molecule, the central carbon atom is bonded to two oxygen atoms and one nitrogen atom, which is characteristic of an amide group (-CONH2). The molecule also contains a hydroxyl group (-OH) on the left side. The presence of a nitrogen atom in the molecule suggests that it is a base, and the hydroxyl group is a strong base.

In the second molecule, the central carbon atom is bonded to two oxygen atoms and one nitrogen atom, similar to the first molecule. However, the molecule also contains a methylene group (-CH2-) on the right side, which is a weak base. The presence of a methylene group indicates that this molecule is a weak base.

Comparing the two molecules, the first one has a stronger base due to the presence of the hydroxyl group, which is a strong base. The second molecule has a weak base, the methylene group, which is weaker than the hydroxyl group. Therefore, the first molecule is stronger than the second one."
Ibuprofen.png,Salicylic-acid.png,baseline,"<image_placeholder>First molecule.
        <image_placeholder>Second molecule.
        Which molecule is a stronger acid or base, the first or the second? Why?","The second molecule is a stronger acid than the first molecule. The visual clue that supports this statement is the presence of the hydroxyl (OH) group in the second molecule. The hydroxyl group is a highly acidic functional group that can donate a proton (H+) easily, making it a strong acid. In the first molecule, there is no hydroxyl group visible, indicating that it is a weaker acid compared to the second molecule."
Ibuprofen.png,Salicylic-acid.png,stepwise,"<image_placeholder>First molecule.
        <image_placeholder>Second molecule.
        Step 1: Identify the most acidic or basic site in each molecule.
        Step 2: Consider how stable the molecule is after gaining or losing a proton.
        Step 3: Say which molecule is stronger, the first or the second, and explain why.","The first molecule is more acidic than the second molecule. In the first molecule, there is a carboxyl group (COOH) which is a strong acid. The second molecule has two OH groups, which are bases, but the carboxyl group in the first molecule is more acidic because it has a lone pair of electrons that can accept a proton, making it more reactive. Additionally, the first molecule has a more open structure, which suggests that it would be more stable after losing a proton compared to the more compact structure of the second molecule."
Ibuprofen.png,Salicylic-acid.png,visual_first,"<image_placeholder>First molecule.
        <image_placeholder>Second molecule.
        Examine the image only. Based on visible atom types and bonds, which molecule appears stronger in acid/base behavior?
        End by stating 'first' or 'second'.",First
Ibuprofen.png,Salicylic-acid.png,explanation_first,"<image_placeholder>First molecule.
        <image_placeholder>Second molecule.
        The ability to stabilize charge after proton gain or loss determines acid/base strength.
        Analyze both molecules, then conclude which is stronger: first or second.","The second molecule is stronger than the first molecule.

In the first molecule, the benzene ring is not fully conjugated, which means it does not have a complete set of electron pairs to share. This can lead to a higher tendency for electron delocalization and stabilization of the aromaticity, which can result in a lower acidity or basicity.

In the second molecule, the benzene ring is more conjugated, which means it has a complete set of electron pairs to share. This can lead to a lower tendency for electron delocalization and stabilization of the aromaticity, which can result in a higher acidity or basicity.

Additionally, the second molecule has a more electron-rich carbonyl group, which can lead to a higher tendency for electron delocalization and stabilization of the carbonyl group, resulting in a higher acidity or basicity.

Therefore, based on the visual information provided, the second molecule is stronger than the first molecule."
Imidazole_full.png,Pyridine-full.png,baseline,"<image_placeholder>First molecule.
        <image_placeholder>Second molecule.
        Which molecule is a stronger acid or base, the first or the second? Why?","The second molecule is a stronger acid or base. The reason is that the second molecule has a different functional group, specifically an amide group (NH2) instead of the carboxyl group (COOH) present in the first molecule. The strength of an acid or base is determined by the strength of the hydrogen bond it can form with a base or acceptor group. The amide group, which is a weaker hydrogen bond acceptor than the carboxyl group, makes the second molecule a stronger acid or base compared to the first molecule."
Imidazole_full.png,Pyridine-full.png,stepwise,"<image_placeholder>First molecule.
        <image_placeholder>Second molecule.
        Step 1: Identify the most acidic or basic site in each molecule.
        Step 2: Consider how stable the molecule is after gaining or losing a proton.
        Step 3: Say which molecule is stronger, the first or the second, and explain why.","The image shows two molecules, each with a distinct structure. The first molecule is labeled as ""C-N"" and the second is labeled as ""C-C-H"".

The first molecule, labeled ""C-N"", has a nitrogen atom bonded to a carbon atom, which is in turn bonded to a hydrogen atom. This structure is characteristic of a nitrogen-containing compound, such as ammonia (NH3). The nitrogen atom is more electronegative than the carbon atom, which means it attracts electrons more strongly than the carbon atom. This can lead to a partial negative charge on the nitrogen atom, making it more acidic.

The second molecule, labeled ""C-C-H"", has a carbon atom bonded to another carbon atom, which is in turn bonded to a hydrogen atom. This structure is characteristic of a hydrocarbon, such as methane (CH4). The carbon atoms are more electronegative than the hydrogen atom, which means they attract electrons more strongly than the hydrogen atom. This can lead to a partial positive charge on the carbon atoms, making it more basic.

Based on the structures of the molecules, the first molecule is more acidic due to the nitrogen atom's partial negative charge. The second molecule is more basic due to the carbon atoms' partial positive charge.

In terms of stability, the first molecule is more stable because the nitrogen atom's partial negative charge is more stable than the carbon atoms' partial positive charge. The second molecule is more stable because the carbon atoms' partial positive charge is more stable than the nitrogen atom's partial negative charge.

Therefore, the first molecule is stronger because it is more acidic and more stable than the second molecule, which is more basic and less stable."
Imidazole_full.png,Pyridine-full.png,visual_first,"<image_placeholder>First molecule.
        <image_placeholder>Second molecule.
        Examine the image only. Based on visible atom types and bonds, which molecule appears stronger in acid/base behavior?
        End by stating 'first' or 'second'.",Second
Imidazole_full.png,Pyridine-full.png,explanation_first,"<image_placeholder>First molecule.
        <image_placeholder>Second molecule.
        The ability to stabilize charge after proton gain or loss determines acid/base strength.
        Analyze both molecules, then conclude which is stronger: first or second.","The second molecule is stronger than the first.

In the first molecule, the nitrogen atom is bonded to three carbon atoms and two hydrogen atoms, which is a common structure for ammonia (NH3). The nitrogen atom is bonded to three carbon atoms through double bonds, which are represented by dashed lines. This indicates that the nitrogen atom is sharing two electrons with each carbon atom, forming a triple bond. The nitrogen atom is also bonded to two hydrogen atoms through single bonds, represented by solid lines.

In the second molecule, the nitrogen atom is bonded to four carbon atoms and two hydrogen atoms, which is a structure that is not as common but still possible. The nitrogen atom is bonded to four carbon atoms through double bonds, which are represented by dashed lines. This indicates that the nitrogen atom is sharing two electrons with each carbon atom, forming a tetrahedral bond. The nitrogen atom is also bonded to two hydrogen atoms through single bonds, represented by solid lines.

The strength of an acid or base is determined by the ability of a molecule to stabilize charge after proton gain or loss. In the first molecule, ammonia, the nitrogen atom is bonded to three carbon atoms and two hydrogen atoms, which is a stable structure. The nitrogen atom is sharing two electrons with each carbon atom, forming a triple bond, which is a strong bond. The nitrogen atom is also bonded to two hydrogen atoms, which are stable. Therefore, the first molecule is stable and does not readily donate or accept protons.

In the second molecule, the nitrogen atom is bonded to four carbon atoms and two hydrogen atoms, which is a less stable structure. The nitrogen atom is sharing two electrons with each carbon atom, forming a tetrahedral bond, which is a weaker bond than a triple bond. The nitrogen atom is also bonded to two hydrogen atoms, which are stable. However, the nitrogen atom is sharing two electrons with four carbon atoms, which is not as stable as sharing two electrons with three carbon atoms. This means that the nitrogen atom is more likely to donate or accept protons, making the second molecule a stronger acid or base.

Therefore, based on the ability to stabilize charge after proton gain or loss, the second molecule is stronger than the first."
Nicotinamid.png,Histamine.png,baseline,"<image_placeholder>First molecule.
        <image_placeholder>Second molecule.
        Which molecule is a stronger acid or base, the first or the second? Why?","The second molecule is a stronger acid or base. The visual clue that supports this statement is the lone pair of electrons on the nitrogen atom in the second molecule. The presence of a lone pair of electrons on nitrogen typically makes the molecule a stronger base. In the first molecule, there is no lone pair of electrons on the nitrogen atom, which suggests it is a weaker base."
Nicotinamid.png,Histamine.png,stepwise,"<image_placeholder>First molecule.
        <image_placeholder>Second molecule.
        Step 1: Identify the most acidic or basic site in each molecule.
        Step 2: Consider how stable the molecule is after gaining or losing a proton.
        Step 3: Say which molecule is stronger, the first or the second, and explain why.","The image shows two chemical structures, which are molecules. The first molecule is labeled as ""Nitrogen Mustard"" with the chemical formula ""C6H5NO2"". The second molecule is labeled as ""Nitrogen Mustard"" with the chemical formula ""C6H5NH2"".

To determine which molecule is stronger, we need to consider the stability of the molecule after a proton is added or removed. In the first molecule, ""Nitrogen Mustard"", the molecule has a nitrogen atom bonded to a hydrogen atom, which is the most acidic or basic site. The molecule is also more stable because it has a more stable structure with a double bond between the nitrogen and the carbon atom.

In the second molecule, ""Nitrogen Mustard"", the molecule has a nitrogen atom bonded to an amine group, which is the most acidic or basic site. However, the molecule is less stable because it has a more unstable structure with a single bond between the nitrogen and the carbon atom.

Therefore, the first molecule, ""Nitrogen Mustard"" with the chemical formula ""C6H5NO2"", is stronger than the second molecule, ""Nitrogen Mustard"" with the chemical formula ""C6H5NH2"", because it has a more stable structure and a more acidic or basic site."
Nicotinamid.png,Histamine.png,visual_first,"<image_placeholder>First molecule.
        <image_placeholder>Second molecule.
        Examine the image only. Based on visible atom types and bonds, which molecule appears stronger in acid/base behavior?
        End by stating 'first' or 'second'.",second
Nicotinamid.png,Histamine.png,explanation_first,"<image_placeholder>First molecule.
        <image_placeholder>Second molecule.
        The ability to stabilize charge after proton gain or loss determines acid/base strength.
        Analyze both molecules, then conclude which is stronger: first or second.","The second molecule is stronger than the first.

In the first molecule, the nitrogen atom is bonded to a hydrogen atom, which is in turn bonded to an oxygen atom. This forms a nitrogen-oxygen double bond, which is a strong bond. However, the nitrogen atom is also bonded to a hydrogen atom, which is bonded to an electron-withdrawing group (a carbonyl group), which can cause electron density to shift towards the nitrogen atom, making the nitrogen-oxygen double bond weaker.

In the second molecule, the nitrogen atom is bonded to a hydrogen atom, which is in turn bonded to an oxygen atom. This forms a nitrogen-oxygen double bond, which is a strong bond. Additionally, the nitrogen atom is bonded to a hydrogen atom, which is bonded to an electron-withdrawing group (a carbonyl group), similar to the first molecule. However, in this case, the electron-withdrawing group is bonded to a nitrogen atom, which can cause electron density to shift towards the nitrogen atom, making the nitrogen-oxygen double bond stronger.

Therefore, the second molecule has a stronger nitrogen-oxygen double bond due to the electron-withdrawing group being bonded to a nitrogen atom, making it stronger than the first molecule."
Purine.png,Uracil.png,baseline,"<image_placeholder>First molecule.
        <image_placeholder>Second molecule.
        Which molecule is a stronger acid or base, the first or the second? Why?","The second molecule is a stronger acid or base. The visual clue that supports this statement is the presence of a double bond in the second molecule, specifically between the nitrogen and the carbon atoms. This double bond is represented by the double-headed arrow between the nitrogen and carbon atoms. In the first molecule, there is no double bond.

Double bonds are known to be more reactive than single bonds, which means that they can participate in more types of chemical reactions. In the context of acids and bases, double bonds can allow for more extensive dissociation into hydrogen ions (H+) and electrons, making the molecule a stronger acid or base.

The significance of the double bond in the second molecule is that it can accept or donate a pair of electrons more readily than a single bond, which can lead to a higher acidity or basicity. This is a fundamental principle in chemistry known as resonance, which can affect the acid-base behavior of molecules.

In summary, the presence of a double bond in the second molecule indicates that it is more likely to dissociate into hydrogen ions, making it a stronger acid compared to the first molecule, which lacks this feature."
Purine.png,Uracil.png,stepwise,"<image_placeholder>First molecule.
        <image_placeholder>Second molecule.
        Step 1: Identify the most acidic or basic site in each molecule.
        Step 2: Consider how stable the molecule is after gaining or losing a proton.
        Step 3: Say which molecule is stronger, the first or the second, and explain why.","The image shows two chemical structures, which are representations of molecules. The first molecule is labeled with the numbers 1, 2, 3, 4, 5, 6, 7, 8, and 9, indicating the positions of atoms in the molecule. The second molecule is labeled with the numbers 1, 2, 3, 4, 5, 6, 7, and 8, with the addition of the letters N and H, indicating the presence of nitrogen and hydrogen atoms, respectively.

To determine which molecule is stronger, we need to consider the stability of the molecule after gaining or losing a proton. The stability of a molecule is determined by the number of hydrogen atoms it contains, as hydrogen atoms are more acidic than other atoms. The molecule with more hydrogen atoms is more acidic and therefore more stable.

In the first molecule, there are 8 hydrogen atoms, which makes it more acidic and stable. In the second molecule, there are only 7 hydrogen atoms, which makes it less acidic and less stable.

Therefore, the first molecule is stronger than the second molecule because it has more hydrogen atoms, which makes it more acidic and stable."
Purine.png,Uracil.png,visual_first,"<image_placeholder>First molecule.
        <image_placeholder>Second molecule.
        Examine the image only. Based on visible atom types and bonds, which molecule appears stronger in acid/base behavior?
        End by stating 'first' or 'second'.",First
Purine.png,Uracil.png,explanation_first,"<image_placeholder>First molecule.
        <image_placeholder>Second molecule.
        The ability to stabilize charge after proton gain or loss determines acid/base strength.
        Analyze both molecules, then conclude which is stronger: first or second.","The second molecule is stronger than the first molecule.

In the first molecule, the nitrogen atom is bonded to two hydrogen atoms, which are part of the water molecule (H2O). This indicates that the nitrogen atom is in a more stable, non-acidic state, as it is not participating in a hydrogen bond with another nitrogen atom.

In the second molecule, the nitrogen atom is bonded to two hydrogen atoms and is also part of the ammonia molecule (NH3). This indicates that the nitrogen atom is in an acidic state, as it is participating in a hydrogen bond with another nitrogen atom.

The presence of a hydrogen bond in the second molecule is a strong indicator of acidity. Hydrogen bonds are formed when a hydrogen atom is bonded to an electronegative atom, such as oxygen or nitrogen, and the shared pair of electrons is attracted to the more electronegative atom. This results in a partial negative charge on the hydrogen atom and a partial positive charge on the more electronegative atom, creating a dipole-dipole interaction.

The strength of the hydrogen bond in the second molecule is stronger than the lone pair-bonded hydrogen in the first molecule, which is why the second molecule is stronger."
