image_index,prompt_type,prompt_text,generated_text
1,Baseline,"Which molecule is a stronger acid or base, the first or the second? Why?","The first molecule, 2-hydroxy-3-methylbutanoic acid, is a stronger acid than the second molecule, 2-hydroxy-3-methylbutanol. This is because the first molecule has a carboxylic acid group, which is a stronger acid than the hydroxyl group present in the second molecule."
1,Stepwise,"Step 1: Identify the most acidic or basic site in each molecule. Step 2: Consider how stable the molecule is after gaining or losing a proton. Step 3: Say which molecule is stronger, the first or the second, and explain why.","In the image, the most acidic site in each molecule is indicated. The first molecule has a carboxylic acid group, which is a strong acidic site. The second molecule has a hydroxyl group, which is a weak acidic site. The third molecule has a hydroxyl group, which is a weak basic site."
1,Visual_first,"Examine the image only. Based on visible atom types and bonds, which molecule appears stronger in acid/base behavior? End by stating 'first' or 'second'.","The molecule that appears stronger in acid/base behavior is the first one, which is 2-hydroxy-3-methylbutyrate."
1,Explanation_first,"The ability to stabilize charge after proton gain or loss determines acid/base strength. Analyze both molecules, then conclude which is stronger: first or second.","The first molecule is stronger, as it can stabilize charge after proton gain or loss."
2,Baseline,"Which molecule is a stronger acid or base, the first or the second? Why?","The first molecule, acetic acid, is a stronger acid than the second molecule, acetate. This is because acetic acid has a lower pKa value, which indicates a higher acidity."
2,Stepwise,"Step 1: Identify the most acidic or basic site in each molecule. Step 2: Consider how stable the molecule is after gaining or losing a proton. Step 3: Say which molecule is stronger, the first or the second, and explain why.","In this case, the first molecule is stronger, as it is more stable after gaining or losing a proton. This is because the first molecule has a more acidic or basic site, which means it is more likely to accept or donate a proton, making it more stable in its protonated or deprotonated form."
2,Visual_first,"Examine the image only. Based on visible atom types and bonds, which molecule appears stronger in acid/base behavior? End by stating 'first' or 'second'.",The molecule that appears stronger in acid/base behavior is the first molecule.
2,Explanation_first,"The ability to stabilize charge after proton gain or loss determines acid/base strength. Analyze both molecules, then conclude which is stronger: first or second.","The first molecule has a pKa of 1.8, while the second molecule has a pKa of 1.4. The pKa is a measure of the acidity or basicity of a molecule. A lower pKa indicates a stronger acid or base. In this case, the first molecule has a lower pKa, which suggests that it is stronger than the second molecule."
3,Baseline,"Which molecule is a stronger acid or base, the first or the second? Why?","The first molecule, NH2, is a stronger acid than the second molecule, NH3. This is because NH2 has a lower pKa value, which indicates a higher affinity for protons and a stronger tendency to donate a proton."
3,Stepwise,"Step 1: Identify the most acidic or basic site in each molecule. Step 2: Consider how stable the molecule is after gaining or losing a proton. Step 3: Say which molecule is stronger, the first or the second, and explain why.","In this case, the first molecule is stronger, as it is more stable after gaining or losing a proton. This is because the first molecule has a more acidic or basic site, which means it is more likely to accept or donate a proton, making it more stable in its protonated or deprotonated form."
3,Visual_first,"Examine the image only. Based on visible atom types and bonds, which molecule appears stronger in acid/base behavior? End by stating 'first' or 'second'.",The first molecule appears stronger in acid/base behavior.
3,Explanation_first,"The ability to stabilize charge after proton gain or loss determines acid/base strength. Analyze both molecules, then conclude which is stronger: first or second.","The first molecule has a pKa of 10.5, while the second molecule has a pKa of 11.5. The pKa is a measure of the acidity or basicity of a molecule. A lower pKa indicates a stronger acid, while a higher pKa indicates a stronger base. In this case, the second molecule has a higher pKa, which means it is a stronger base."
4,Baseline,"Which molecule is a stronger acid or base, the first or the second? Why?","The first molecule, 2-aminobenzimide, is a stronger acid than the second molecule, 2-aminobenzothiazole. This is because the first molecule has a pKa of 4.5, while the second molecule has a pKa of 7.5. A lower pKa indicates a stronger acid, as it has a higher affinity for protons."
4,Stepwise,"Step 1: Identify the most acidic or basic site in each molecule. Step 2: Consider how stable the molecule is after gaining or losing a proton. Step 3: Say which molecule is stronger, the first or the second, and explain why.","In the image, the most acidic or basic site in each molecule is identified. The molecules are then compared to determine which one is stronger. The stronger molecule is the one that is more stable after gaining or losing a proton. The image shows the relative strengths of the molecules, with the stronger molecule being the one with the highest strength."
4,Visual_first,"Examine the image only. Based on visible atom types and bonds, which molecule appears stronger in acid/base behavior? End by stating 'first' or 'second'.",The first molecule appears stronger in acid/base behavior.
4,Explanation_first,"The ability to stabilize charge after proton gain or loss determines acid/base strength. Analyze both molecules, then conclude which is stronger: first or second.","The first molecule has a pKa of 1.5, while the second molecule has a pKa of 1.0. The pKa is a measure of the acidity or basicity of a molecule. A lower pKa indicates a stronger acid or base. In this case, the first molecule has a higher pKa, which means it is weaker in terms of acidity or basicity compared to the second molecule."
5,Baseline,"Which molecule is a stronger acid or base, the first or the second? Why?","The first molecule, 1,4-benzothiazole, is a stronger acid than the second molecule, 1,4-benzothiazole-3-carbinol. This is because the first molecule has a pKa of 10.47, while the second molecule has a pKa of 14.7. A lower pKa value indicates a stronger acid, as it has a higher affinity for protons."
5,Stepwise,"Step 1: Identify the most acidic or basic site in each molecule. Step 2: Consider how stable the molecule is after gaining or losing a proton. Step 3: Say which molecule is stronger, the first or the second, and explain why.","In the image, the most acidic site in the first molecule is the hydroxyl group, while the most basic site in the second molecule is the amino group. The first molecule is more stable after gaining a proton, while the second molecule is more stable after losing a proton. Therefore, the first molecule is stronger than the second molecule."
5,Visual_first,"Examine the image only. Based on visible atom types and bonds, which molecule appears stronger in acid/base behavior? End by stating 'first' or 'second'.",The molecule that appears stronger in acid/base behavior is the first molecule.
5,Explanation_first,"The ability to stabilize charge after proton gain or loss determines acid/base strength. Analyze both molecules, then conclude which is stronger: first or second.","The first molecule has a pKa of 10.47, while the second molecule has a pKa of 10.08. The pKa is a measure of the acidity or basicity of a molecule. A lower pKa indicates a stronger acid, while a higher pKa indicates a stronger base. In this case, the first molecule has a slightly higher pKa, which suggests that it is a stronger base compared to the second molecule."
6,Baseline,"Which molecule is a stronger acid or base, the first or the second? Why?","The first molecule, 2-aminobenzimide, is a stronger acid than the second molecule, 2-aminobenzamide. This is because the first molecule has a pKa of 4.5, while the second molecule has a pKa of 9.5. A lower pKa indicates a stronger acid, as it has a higher affinity for protons."
6,Stepwise,"Step 1: Identify the most acidic or basic site in each molecule. Step 2: Consider how stable the molecule is after gaining or losing a proton. Step 3: Say which molecule is stronger, the first or the second, and explain why.","In the image, the most acidic site in the first molecule is the amide nitrogen, while the most basic site in the second molecule is the amide nitrogen. Both molecules are stable after gaining or losing a proton. However, the first molecule is stronger than the second molecule because it has a more acidic site, which means it can donate a proton more easily."
6,Visual_first,"Examine the image only. Based on visible atom types and bonds, which molecule appears stronger in acid/base behavior? End by stating 'first' or 'second'.",The first molecule appears stronger in acid/base behavior.
6,Explanation_first,"The ability to stabilize charge after proton gain or loss determines acid/base strength. Analyze both molecules, then conclude which is stronger: first or second.","The first molecule is a weak acid, while the second molecule is a weak base. The ability to stabilize charge after proton gain or loss determines acid/base strength. In this case, the first molecule is a weak acid, and the second molecule is a weak base. To determine which is stronger, you would need to compare the pKa values of the two molecules. The pKa value is a measure of the acidity or basicity of a molecule. A lower pKa value indicates a stronger acid, while a higher pKa value indicates a stronger base."
7,Baseline,"Which molecule is a stronger acid or base, the first or the second? Why?","The first molecule is a stronger acid, while the second molecule is a stronger base. This is because the first molecule has a lower pKa value, which indicates a stronger acid, and the second molecule has a higher pKa value, which indicates a stronger base."
7,Stepwise,"Step 1: Identify the most acidic or basic site in each molecule. Step 2: Consider how stable the molecule is after gaining or losing a proton. Step 3: Say which molecule is stronger, the first or the second, and explain why.","In the image, the most acidic site in the first molecule is the carboxylic acid, while the most basic site in the second molecule is the amine. The first molecule is more stable after gaining a proton, while the second molecule is more stable after losing a proton. Therefore, the first molecule is stronger than the second molecule."
7,Visual_first,"Examine the image only. Based on visible atom types and bonds, which molecule appears stronger in acid/base behavior? End by stating 'first' or 'second'.",The first molecule appears stronger in acid/base behavior.
7,Explanation_first,"The ability to stabilize charge after proton gain or loss determines acid/base strength. Analyze both molecules, then conclude which is stronger: first or second.","The first molecule has a pKa of 1.5, while the second molecule has a pKa of 2.5. The pKa is a measure of the acidity or basicity of a molecule. A lower pKa indicates a stronger acid, while a higher pKa indicates a stronger base. In this case, the first molecule has a lower pKa, which means it is a stronger acid compared to the second molecule."
8,Baseline,"Which molecule is a stronger acid or base, the first or the second? Why?","The first molecule, CCl4, is a stronger acid than the second molecule, CCl3CN. This is because CCl4 has a higher pKa value, which indicates a stronger acid."
8,Stepwise,"Step 1: Identify the most acidic or basic site in each molecule. Step 2: Consider how stable the molecule is after gaining or losing a proton. Step 3: Say which molecule is stronger, the first or the second, and explain why.","In the image, the most acidic site in the first molecule is the nitrogen atom, while the most basic site in the second molecule is the carbon atom. The first molecule is more stable after gaining a proton, while the second molecule is more stable after losing a proton. Therefore, the first molecule is stronger than the second molecule."
8,Visual_first,"Examine the image only. Based on visible atom types and bonds, which molecule appears stronger in acid/base behavior? End by stating 'first' or 'second'.",The first molecule appears stronger in acid/base behavior.
8,Explanation_first,"The ability to stabilize charge after proton gain or loss determines acid/base strength. Analyze both molecules, then conclude which is stronger: first or second.","The first molecule has a pKa of 10.5, while the second molecule has a pKa of 11.5. The pKa is a measure of the acidity or basicity of a molecule. A lower pKa indicates a stronger acid, while a higher pKa indicates a stronger base. In this case, the second molecule has a higher pKa, which means it is a stronger base."
9,Baseline,"Which molecule is a stronger acid or base, the first or the second? Why?","The first molecule is a stronger acid, while the second molecule is a stronger base."
9,Stepwise,"Step 1: Identify the most acidic or basic site in each molecule. Step 2: Consider how stable the molecule is after gaining or losing a proton. Step 3: Say which molecule is stronger, the first or the second, and explain why.","In the image, the most acidic site in the first molecule is the amide nitrogen, while the most basic site in the second molecule is the amide nitrogen. Both molecules are stable after gaining or losing a proton, so they are considered to be of equal strength."
9,Visual_first,"Examine the image only. Based on visible atom types and bonds, which molecule appears stronger in acid/base behavior? End by stating 'first' or 'second'.",The first molecule appears stronger in acid/base behavior.
9,Explanation_first,"The ability to stabilize charge after proton gain or loss determines acid/base strength. Analyze both molecules, then conclude which is stronger: first or second.","The first molecule has a pKa of 10.5, while the second molecule has a pKa of 11.5. The pKa is a measure of the acidity or basicity of a molecule. A lower pKa indicates a stronger acid, while a higher pKa indicates a stronger base. In this case, the second molecule has a higher pKa, which suggests that it is a stronger base compared to the first molecule."
10,Baseline,"Which molecule is a stronger acid or base, the first or the second? Why?","The first molecule, 4-aminobenzoyl-N-acetylcysteine (4-ABNAC), is a stronger acid than the second molecule, 4-aminobenzoyl-N-acetylcysteine (4-ABNAC). This is because the first molecule has a pKa of 4.5, while the second molecule has a pKa of 7.5. A lower pKa indicates a stronger acid, as it has a higher affinity for protons."
10,Stepwise,"Step 1: Identify the most acidic or basic site in each molecule. Step 2: Consider how stable the molecule is after gaining or losing a proton. Step 3: Say which molecule is stronger, the first or the second, and explain why.","In the image, the most acidic or basic site in each molecule is identified. The molecules are then compared to determine which one is stronger. The stronger molecule is the one that is more stable after gaining or losing a proton. The image shows the relative strengths of the molecules, with the stronger molecule being the one with the higher strength."
10,Visual_first,"Examine the image only. Based on visible atom types and bonds, which molecule appears stronger in acid/base behavior? End by stating 'first' or 'second'.",The first molecule appears stronger in acid/base behavior.
10,Explanation_first,"The ability to stabilize charge after proton gain or loss determines acid/base strength. Analyze both molecules, then conclude which is stronger: first or second.","The first molecule has a pKa of 1.9, while the second molecule has a pKa of 2.5. The pKa is a measure of the acidity or basicity of a molecule. A lower pKa indicates a stronger acid, while a higher pKa indicates a stronger base. In this case, the first molecule has a lower pKa, which means it is a stronger acid compared to the second molecule."
