image1,image2,prompt_type,prompt_text,generated_text
Aniline.png,Nitrobenzene.png,Baseline,"Which molecule is more reactive toward electrophilic aromatic substitution, the first or the second? Why?","user 
Which molecule is more reactive toward electrophilic aromatic substitution, the first or the second? Why?assistant
The second one is more reactive toward electrophilic aromatic substitution because it contains a 129° N angle with a 1818° O-N, an 1178° O-N with a 74°, followed by another angle of 74° and another angle of 139°, a 129°, an angle of 74° with another angle of 129° that is followed by another angle of 74° with another angle of 122°, an angle of 74° with an angle of 122° that is followed by another angle of 74° that is followed by another angle of 122° that is followed by another angle of 74° with an angle of 122° that is followed by another angle of 74° that is followed by another angle of 122° that is followed by another angle of 74° that is followed by another angle of 74° that is followed by another angle of 74° that is followed by another angle of 122° that is followed by another angle of 74° that is followed by another angle of 74° that is followed by another angle of 74° that is followed by another angle of 74° that is followed by another angle of 74° that is followed by"
Aniline.png,Nitrobenzene.png,Stepwise,"First, note if the ring has electron-donating substituents. Then, note if it has electron-withdrawing substituents. Finally, determine which ring is more reactive toward electrophiles.","user 
First, note if the ring has electron-donating substituents. Then, note if it has electron-withdrawing substituents. Finally, determine which ring is more reactive toward electrophiles.assistant
The first step would be determining which of the two hexagonal rings is more reactive toward electrophiles.

Considering factors such as electronegativity difference and the presence of electron-donating substituents around rings would lead to determining which ring is more reactive.

Based on the presence of factors such as electronegativity differences around rings and the presence of electron-donating substituents around rings would lead to determining which ring is more reactive.

Taking factors such as electronegativity difference around rings and the presence of electron-donating substituents around rings would lead to determining which ring is more reactive.

Considering factors such as electronegativity differences around rings and the presence of electron-donating substituents around rings would lead to determining which ring is more reactive.

Taking factors such as electronegativity differences around rings and the presence of electron-donating substituents around rings would lead to determining which ring is more reactive.

Taking factors such as electronegativity differences around rings and the presence of electron-donating substituents around rings would lead to determining which ring is more reactive.

Taking factors such as electronegativity differences around rings and the presence of electron-donating substituents around rings would lead to determining which ring is more reactive.

Taking factors such as electronegativity differences around rings and the presence of electron-donating substituents around rings would lead to determining which ring is more reactive.

Taking factors such as electr"
Aniline.png,Nitrobenzene.png,Visual_first,"Observe visible features: are there -OH, -NH₂, or -NO₂ groups? Count and compare electron-donating versus electron-withdrawing groups for both molecules.","user 
Observe visible features: are there -OH, -NH₂, or -NO₂ groups? Count and compare electron-donating versus electron-withdrawing groups for both molecules.assistant
Molecules contain -O₂ groups and -OH₂ groups. Count and compare electron-donating versus electron-withdrawing groups for both molecules"
Aniline.png,Nitrobenzene.png,Explanation_first,Consider the net electronic effect (donating vs withdrawing) based on the visible substituents. Then predict which molecule will react faster toward EAS.,"user 
Consider the net electronic effect (donating vs withdrawing) based on the visible substituents. Then predict which molecule will react faster toward EAS.assistant
The key factor to enhancing the effectiveness of the team (using the strategy suggested) would be to identify areas that require additional support (focusing on key tasks), utilize available resources efficiently (leveraging available support), and continually seek opportunities for improvement (focusing on key strategies).

The crucial aspect of enhancing team performance would be identifying areas that require additional support (focusing on key tasks), utilizing available resources efficiently (leveraging available support), and continually seeking opportunities for improvement (focusing on key strategies).

The critical factor to enhancing team performance would be identifying areas that require additional support (focusing on key tasks), utilizing available resources efficiently (leveraging available support), and continually seeking opportunities for improvement (focusing on key strategies).

The crucial factor to enhancing team performance would be identifying areas that require additional support (focusing on key tasks), utilizing available resources efficiently (leveraging available support), and continually seeking opportunities for improvement (focusing on key strategies).

The crucial factor to enhancing team performance would be identifying areas that require additional support (focusing on key tasks), utilizing available resources efficiently (leveraging available support), and continually seeking opportunities for improvement (focusing on key strategies).

The crucial factor to enhancing team performance would be identifying areas that require additional support (focusing on key tasks), utilizing available resources efficiently (leveraging available support), and continually seeking opportunities for improvement (focusing on key strategies).

The crucial factor to enhancing team performance would be identifying areas that require additional support (focusing on key"
Benzene.png,Toluene.png,Baseline,"Which molecule is more reactive toward electrophilic aromatic substitution, the first or the second? Why?","user 
Which molecule is more reactive toward electrophilic aromatic substitution, the first or the second? Why?assistant
Because according to principles the first one is more reactive toward such transformations due to principles, the first one is more reactive toward such transformations compared to the second one because according to principles the first one is more reactive toward such transformations because according to principles"
Benzene.png,Toluene.png,Stepwise,"First, note if the ring has electron-donating substituents. Then, note if it has electron-withdrawing substituents. Finally, determine which ring is more reactive toward electrophiles.","user 
First, note if the ring has electron-donating substituents. Then, note if it has electron-withdrawing substituents. Finally, determine which ring is more reactive toward electrophiles.assistant
To analyze the reactivity of the rings toward electrophiles, first note if each ring has electron-donating substituents. Then determine if each ring has electron-withdrawing substituents. Next, analyze which ring is more reactive toward electrophiles.

The most reactive toward electrophiles is the ring with electron-donating substituents.

The least reactive toward electrophiles is the ring with electron-withdrawing substituents.

Therefore, the most reactive toward electrophiles is the ring with electron-donating substituents.

The least reactive toward electrophiles is the ring with electron-withdrawing substituents.

Thus, the most reactive toward electrophiles is the ring with electron-donating substituents.

The least reactive toward electrophiles is the ring with electron-withdrawing substituents.

Consequently, the most reactive toward electrophiles is the ring with electron-donating substituents.

The least reactive toward electrophiles is the ring with electron-withdrawing substituents.

Therefore, the most reactive toward electrophiles is the ring with electron-donating substituents.

The least reactive toward electrophiles is the ring with electron-withdrawing substituents.

In conclusion, the most reactive toward electrophiles is the ring with electron-donating substituents.

The least reactive toward electrophiles is the ring with electron-withdrawing substituents.

Consequently, the most reactive toward electrophiles is the ring"
Benzene.png,Toluene.png,Visual_first,"Observe visible features: are there -OH, -NH₂, or -NO₂ groups? Count and compare electron-donating versus electron-withdrawing groups for both molecules.","user 
Observe visible features: are there -OH, -NH₂, or -NO₂ groups? Count and compare electron-donating versus electron-withdrawing groups for both molecules.assistant
In the provided molecular structures, there are -OH groups associated with -NH₂ and -NO₂ groups present in both structures. The structures contain nitrogen, which acts as a nitrogen-binding nitrogen. Nitrogen forms -N₂ groups and is associated with -N₂+ structures through -N₂. The structures contain carbons that form -N₂+ structures and -N₂ groups. There are also -N₂ and -N₂+ structures. The structures contain -N₂ and -N₂+ groups that act as -N₂+ structures and -N₂ structures and -N₂. The structures contain -N₂ and -N₂+ structures associated with -N₂+ structures and -N₂ groups. The structures contain -N₂ and -N₂+ structures. The structures contain -N₂ and -N₂+ structures associated with -N₂+ structures and -N₂ groups. The structures contain -N₂ and -N₂+ structures associated with -N₂+ structures and -N₂ groups. The structures contain -N₂ and -N₂+ structures. The structures contain -N₂ and -N₂+ structures associated with -N₂+ structures and -N₂ groups. The structures contain -N₂ and -N₂+ structures associated with -N₂+ structures and -N₂ groups. The structures contain -N₂ and -N₂+ structures associated with -N₂+ structures and -N₂ groups. The structures contain"
Benzene.png,Toluene.png,Explanation_first,Consider the net electronic effect (donating vs withdrawing) based on the visible substituents. Then predict which molecule will react faster toward EAS.,"user 
Consider the net electronic effect (donating vs withdrawing) based on the visible substituents. Then predict which molecule will react faster toward EAS.assistant
Based on the visible substituents and the chemical properties exhibited, the reaction toward EAS will likely involve the conversion of C3H3 to C3H2. This process occurs due to the transformation facilitated by the electron donating effect induced by the net electronic contributions derived from the net atomic effect resulting from the visible substituents and their chemical properties exhibited. As a result, the reaction toward EAS will proceed via the conversion of C3H3 to C3H2 due to the facilitating electron donating effect induced by the net atomic effect resulting from the visible substituents and their chemical properties exhibited, thus leading to the overall increase in the molecular weight of the converted species."
Benzaldehyde.png,Benzoic_acid.png,Baseline,"Which molecule is more reactive toward electrophilic aromatic substitution, the first or the second? Why?","user 
Which molecule is more reactive toward electrophilic aromatic substitution, the first or the second? Why?assistant
Which molecule is more reactive toward electrophilic aromatic substitution, the first or the second? Why?"
Benzaldehyde.png,Benzoic_acid.png,Stepwise,"First, note if the ring has electron-donating substituents. Then, note if it has electron-withdrawing substituents. Finally, determine which ring is more reactive toward electrophiles.","user 
First, note if the ring has electron-donating substituents. Then, note if it has electron-withdrawing substituents. Finally, determine which ring is more reactive toward electrophiles.assistant
To determine which ring is more reactive toward electrophiles:

The reactivity of organic rings toward electrophiles depends on the presence of electron-donating substituents.

In the case of the rings provided:

The ring containing the electron has substituents:

Those substituents are electron-donating.

Thus:

The ring containing the electron is more reactive toward electrophiles.

Consequently:

The reactivity of organic rings toward electrophiles depends on the presence of electron-donating substituents.

Therefore:

The ring containing the electron is more reactive toward electrophiles.

Hence:

The reactivity of organic rings toward electrophiles depends on the presence of electron-donating substituents.

In conclusion:

The reactivity of organic rings toward electrophiles depends on the presence of electron-donating substituents.

Therefore:

The reactivity of organic rings toward electrophiles depends on the presence of electron-donating substituents.

Consequently:

The reactivity of organic rings toward electrophiles depends on the presence of electron-donating substituents.

Thus:

The reactivity of organic rings toward electrophiles depends on the presence of electron-donating substituents.

In conclusion:

The reactivity of organic rings toward electrophiles depends on the presence of electron-donating substituents.

Therefore:

The reactivity of organic rings toward electrophiles depends on the presence of electron-donating substituents.

Hence"
Benzaldehyde.png,Benzoic_acid.png,Visual_first,"Observe visible features: are there -OH, -NH₂, or -NO₂ groups? Count and compare electron-donating versus electron-withdrawing groups for both molecules.","user 
Observe visible features: are there -OH, -NH₂, or -NO₂ groups? Count and compare electron-donating versus electron-withdrawing groups for both molecules.assistant
Considering potential features for the two molecules provided in this image:

For potential -OH, -NH₂ groups:

For -OH:
-2-OR, 4xH2, -2-NH₂
For -NH₂:
-2-OR, 4xH2, -2-NH₂

For -NH₂:
-2-OR, 4xH2, -2-NH₂

For -NH₂:
-2-OR, 4xH2, -2-NH₂

For -NH₂:
-2-OR, 4xH2, -2-NH₂

For -NH₂:
-2-OR, 4xH2, -2-NH₂

For -NH₂:
-2-OR, 4xH2, -2-NH₂

For -NH₂:
-2-OR, 4xH2, -2-NH₂

For -NH₂:
-2-OR, 4xH2, -2-NH₂

For -NH₂:
-2-OR, 4xH2, -2-NH₂

For -NH₂:
-2-OR, 4xH2, -2-NH₂

For -NH₂:
-2-OR, 4xH2, -2-NH₂

For -NH₂:
-2-OR, 4xH2"
Benzaldehyde.png,Benzoic_acid.png,Explanation_first,Consider the net electronic effect (donating vs withdrawing) based on the visible substituents. Then predict which molecule will react faster toward EAS.,"user 
Consider the net electronic effect (donating vs withdrawing) based on the visible substituents. Then predict which molecule will react faster toward EAS.assistant
The answer is monopolar"
Pyridine-full.png,Benzene.png,Baseline,"Which molecule is more reactive toward electrophilic aromatic substitution, the first or the second? Why?","user 
Which molecule is more reactive toward electrophilic aromatic substitution, the first or the second? Why?assistant
Because the second one is more reactive toward electrophilic aromatic substitution. The first one has a higher reactivity toward the second one's reactivity because it has a higher reactivity toward electrophilic aromatic substitution than the second one's reactivity toward electrophilic aromatic substitution because it has a higher reactivity toward electrophilic aromatic substitution than the second one's reactivity toward electrophilic aromatic substitution because it has a higher reactivity toward electrophilic aromatic substitution than the second one's reactivity toward electrophilic aromatic substitution because it has a higher reactivity toward electrophilic aromatic substitution than the second one's reactivity toward electrophilic aromatic substitution because it has a higher reactivity toward electrophilic aromatic substitution than the second one's reactivity toward electrophilic aromatic substitution because it has a higher reactivity toward electrophilic aromatic substitution than the second one's reactivity toward electrophilic aromatic substitution because it has a higher reactivity toward electrophilic aromatic substitution than the second one's reactivity toward electrophilic aromatic substitution because it has a higher reactivity toward electrophilic aromatic substitution than the second one's reactivity toward electrophilic aromatic substitution because it has a higher reactivity toward electrophilic aromatic substitution than the second one's reactivity toward electrophilic aromatic substitution because it has a higher reactivity toward electrophilic aromatic substitution than the second one"
Pyridine-full.png,Benzene.png,Stepwise,"First, note if the ring has electron-donating substituents. Then, note if it has electron-withdrawing substituents. Finally, determine which ring is more reactive toward electrophiles.","user 
First, note if the ring has electron-donating substituents. Then, note if it has electron-withdrawing substituents. Finally, determine which ring is more reactive toward electrophiles.assistant
To determine which ring is more reactive toward electrophiles, let us examine each ring's characteristics carefully.

First Ring:

- The ring has a double bond and a single bond forming a double and single bond.
- The double bond length is indicated to be within certain bounds.
- The double bond has a specific angle measurement.

Second Ring:

- The ring has a double bond and a single bond forming a double and single bond.
- The double bond length is indicated to be within certain bounds.
- The double bond has a specific angle measurement.

Comparing the characteristics of the first and second rings reveals subtle differences in the bond lengths and angles.

Based on these observations, the second ring appears to exhibit slightly more reactivity toward electrophiles compared to the first ring.

Consequently, the second ring is more reactive toward electrophiles compared to the first ring.

Therefore, the answer is:

Second ring"
Pyridine-full.png,Benzene.png,Visual_first,"Observe visible features: are there -OH, -NH₂, or -NO₂ groups? Count and compare electron-donating versus electron-withdrawing groups for both molecules.","user 
Observe visible features: are there -OH, -NH₂, or -NO₂ groups? Count and compare electron-donating versus electron-withdrawing groups for both molecules.assistant
Based on image provided for both molecules shown here:

For first molecule:

-109 pm
-109 pm

For second molecule:

-109 pm
-109 pm

For third molecule:

-109 pm
-109 pm

For fourth molecule:

-109 pm
-109 pm

For fifth molecule:

-109 pm
-109 pm

For sixth molecule:

-109 pm
-109 pm

For seventh molecule:

-109 pm
-109 pm

For eighth molecule:

-109 pm
-109 pm

For ninth molecule:

-109 pm
-109 pm

For tenth molecule:

-109 pm
-109 pm"
Pyridine-full.png,Benzene.png,Explanation_first,Consider the net electronic effect (donating vs withdrawing) based on the visible substituents. Then predict which molecule will react faster toward EAS.,"user 
Consider the net electronic effect (donating vs withdrawing) based on the visible substituents. Then predict which molecule will react faster toward EAS.assistant
Based on the image provided showing various chemical substances along with their respective reactions, the determination of which substance will react faster towards EAS requires a careful analysis of the depicted chemical reactions.

Considering the image showing chemical reactions such as the decomposition of molecules along with their subsequent reformation along with the depiction of chemical structures along with the depiction of chemical structures along with the depiction of chemical structures along with the depiction of chemical structures along with the depiction of chemical structures along with the depiction of chemical structures along with the depiction of chemical structures along with the depiction of chemical structures along with the depiction of chemical structures along with the depiction of chemical structures along with the depiction of chemical structures along with the depiction of chemical structures along with the depiction of chemical structures along with the depiction of chemical structures along with the depiction of chemical structures along with the depiction of chemical structures along with the depiction of chemical structures along with the depiction of chemical structures along with the depiction of chemical structures along with the depiction of chemical structures along with the depiction of chemical structures along with the depiction of chemical structures along with the depiction of chemical structures along with the depiction of chemical structures along with the depiction of chemical structures along with the depiction of chemical structures along with the depiction of chemical structures along with the depiction of chemical structures along with the depiction of chemical structures along with the depiction of chemical structures along with the depiction of chemical structures along with the depiction of chemical structures along with the depiction of chemical structures along with the depiction of chemical structures along with the depiction of chemical structures along"
Pyrrole-full.png,Benzene.png,Baseline,"Which molecule is more reactive toward electrophilic aromatic substitution, the first or the second? Why?","user 
Which molecule is more reactive toward electrophilic aromatic substitution, the first or the second? Why?assistant
The second molecule is more reactive toward electrophilic aromatic substitution compared to the first molecule because the second molecule has additional reactive substituent groups (120° and 139 pm) and the first molecule does not have them.

Additionally, the first molecule has a 120° substituent group and a 120° substituent group connected by a purple circle, which makes the first molecule less reactive compared to the second molecule.

Therefore, the second molecule is more reactive toward electrophilic aromatic substitution compared to the first molecule due to its more reactive substituent groups and the absence of less reactive substituent groups connected by a purple circle.

Overall, the second molecule has more reactive substituent groups and fewer less reactive substituent groups compared to the first molecule, making the second molecule more reactive toward electrophilic aromatic substitution compared to the first molecule."
Pyrrole-full.png,Benzene.png,Stepwise,"First, note if the ring has electron-donating substituents. Then, note if it has electron-withdrawing substituents. Finally, determine which ring is more reactive toward electrophiles.","user 
First, note if the ring has electron-donating substituents. Then, note if it has electron-withdrawing substituents. Finally, determine which ring is more reactive toward electrophiles.assistant
Firstly, consider if the rings have electron-donating substituents. Then, examine if the rings have electron-withdrawing substituents. Afterward, determine which ring is more reactive toward electrophiles.

If the rings have electron-donating substituents, the rings may have electron-withdrawing substituents as well. Then, compare which ring is more reactive toward electrophiles. 

In conclusion, determine which ring is more reactive toward electrophiles based on whether the rings have electron-donating or electron-withdrawing substituents.

Considering the conclusion:
If the rings have electron-donating substituents, the rings may have electron-withdrawing substituents as well.
Then, compare which ring is more reactive toward electrophiles.

In conclusion:
If the rings have electron-donating substituents, the rings may have electron-withdrawing substituents as well.
Then, compare which ring is more reactive toward electrophiles.

Considering the conclusion:
If the rings have electron-donating substituents, the rings may have electron-withdrawing substituents as well.
Then, compare which ring is more reactive toward electrophiles.

In conclusion:
If the rings have electron-donating substituents, the rings may have electron-withdrawing substituents as well.
Then, compare which ring is more reactive toward electrophiles.

Considering the conclusion:
If the rings have electron-donating substituents, the rings may have"
Pyrrole-full.png,Benzene.png,Visual_first,"Observe visible features: are there -OH, -NH₂, or -NO₂ groups? Count and compare electron-donating versus electron-withdrawing groups for both molecules.","user 
Observe visible features: are there -OH, -NH₂, or -NO₂ groups? Count and compare electron-donating versus electron-withdrawing groups for both molecules.assistant
Here is a reaction where the catalyst forms:

\[\[\[\[\[\[\[\[\[\[\[\[\[\[\[\[\[\[\[\[\[\[\[\[\[\[\[\[\[\[\[\[\[\[\[\[\[\[\[\[\[\[\[\[\[\[\[\[\[\[\[\[\[\[\[\[\[\[\[\[\[\[\[\[\[\[\[\[\[\[\[\[\[\[\[\[\[\[\[\[\[\[\[\[\[\[\[\[\[\[\[\[\[\[\[\[\[\[\[\[\[\[\[\[\[\[\[\[\[\[\[\[\[\[\[\[\[\[\[\[\[\[\[\[\[\[\[\[\[\[\[\[\[\[\[\[\[\[\[\[\[\[\[\[\[\[\[\[\[\[\[\[\[\[\[\[\[\[\[\[\[\[\[\[\[\[\[\[\[\[\[\[\[\[\[\[\[\[\[\[\[\[\[\[\[\[\[\[\[\[\[\[\[\[\[\[\[\[\[\[\[\[\[\[\[\[\[\[\[\[\[\[\[\[\[\[\[\[\[\[\[\[\[\[\[\[\[\[\[\[\[\[\[\[\[\[\[\[\[\[\[\[\[\[\[\[\[\[\[\[\[\[\[\[\[\[\[\[\[\[\[\[\[\[\[\[\[\[\[\[\[\[\[\[\[\[\[\[\[\[\[\[\[\[\[\[\[\[\[\[\"
Pyrrole-full.png,Benzene.png,Explanation_first,Consider the net electronic effect (donating vs withdrawing) based on the visible substituents. Then predict which molecule will react faster toward EAS.,"user 
Consider the net electronic effect (donating vs withdrawing) based on the visible substituents. Then predict which molecule will react faster toward EAS.assistant
Based on the visible substituents and substituents, we will predict which will react faster toward EAS. Then we predict which will act faster toward EAS based on the available substituents.

We predict which will act faster toward EAS based on the available substituents.

We predict which will act faster toward EAS based on the available substituents.

We predict which will act faster toward EAS based on the available substituents.

We predict which will act faster toward EAS based on the available substituents.

We predict which will act faster toward EAS based on the available substituents.

We predict which will act faster toward EAS based on the available substituents.

We predict which will act faster toward EAS based on the available substituents.

We predict which will act faster toward EAS based on the available substituents.

We predict which will act faster toward EAS based on the available substituents.

We predict which will act faster toward EAS based on the available substituents.

We predict which will act faster toward EAS based on the available substituents.

We predict which will act faster toward EAS based on the available substituents.

We predict which will act faster toward EAS based on the available substituents.

We predict which will act faster toward EAS based on the available substituents.

We predict which will act faster toward EAS based on the available substituents.

We predict which will"
Phenol.png,Benzene.png,Baseline,"Which molecule is more reactive toward electrophilic aromatic substitution, the first or the second? Why?","user 
Which molecule is more reactive toward electrophilic aromatic substitution, the first or the second? Why?assistant
The second molecule is more reactive toward electrophilic aromatic substitution because its electron cloud is more dense and its substituents are more flexible compared to the first. Additionally, its substituents are more electron-rich which further increases its reactivity toward electrophilic aromatic substitution."
Phenol.png,Benzene.png,Stepwise,"First, note if the ring has electron-donating substituents. Then, note if it has electron-withdrawing substituents. Finally, determine which ring is more reactive toward electrophiles.","user 
First, note if the ring has electron-donating substituents. Then, note if it has electron-withdrawing substituents. Finally, determine which ring is more reactive toward electrophiles.assistant
It's important to recognize the ring has electron-donating substituents. Furthermore, note if it has electron-withdrawing substituents. Lastly, determine which ring is more reactive toward electrophiles.

However, understanding the ring has electron-donating substituents is crucial to appreciate its relevance in appreciating its relevance in appreciating its significance.

Therefore, recognizing the ring has electron-donating substituents is key to understanding its importance.

Hence, acknowledging the ring has electron-donating substituents is essential to grasp its importance.

Thus, acknowledging the ring has electron-donating substituents is critical to understand its significance.

Hence, recognizing the ring has electron-donating substituents is key to understanding its importance.

Therefore, acknowledging the ring has electron-donating substituents is essential to understand its importance.

Thus, acknowledging the ring has electron-donating substituents is crucial to understand its importance.

Therefore, acknowledging the ring has electron-donating substituents is essential to understand its importance.

Therefore, acknowledging the ring has electron-donating substituents is critical to understand its importance.

Thus, acknowledging the ring has electron-donating substituents is key to understanding its importance.

Hence, recognizing the ring has electron-donating substituents is crucial to understand its importance.

Therefore, acknowledging the ring has electron-donating substituents is essential to understand its importance.

Thus, acknowledging the ring"
Phenol.png,Benzene.png,Visual_first,"Observe visible features: are there -OH, -NH₂, or -NO₂ groups? Count and compare electron-donating versus electron-withdrawing groups for both molecules.","user 
Observe visible features: are there -OH, -NH₂, or -NO₂ groups? Count and compare electron-donating versus electron-withdrawing groups for both molecules.assistant
I'm sorry to disappoint again.

After comparing electron-donating versus electron-withdrawing groups for both molecules.

The first one displays 193 pm red color and 139 pm blue color.

The second one shows yellow and green color with 109 pm and purple color.

The third one has light blue and dark blue color with 109 pm pm.

The fourth one shows yellow and green color with 109 pm.

The fifth one displays yellow color with pink and dark blue color.

The sixth one has light blue color with dark blue color.

The seventh one shows light blue and dark blue color.

The eighth one has light blue and dark blue color.

After comparing, we have different light blue color and dark blue color.

The ninth one displays light blue color with dark blue color.

The tenth one shows light blue and dark blue color.

Finally comparing all light blue color and dark blue color:

180 light blue color and dark blue color.

The eleventh one displays light blue and dark blue color.

The twelfth one shows light blue color with dark blue color.

After comparing different light blue color and dark blue color:

160 light blue color and dark blue color.

The thirteenth one displays light blue color with dark blue color.

The fourteenth one has light blue color with dark blue color.

The fifteenth one displays light blue color with dark blue color.

After comparing different light blue color and dark blue color:

150"
Phenol.png,Benzene.png,Explanation_first,Consider the net electronic effect (donating vs withdrawing) based on the visible substituents. Then predict which molecule will react faster toward EAS.,"user 
Consider the net electronic effect (donating vs withdrawing) based on the visible substituents. Then predict which molecule will react faster toward EAS.assistant
assistant
"
Salicylic-acid.png,Benzoic_acid.png,Baseline,"Which molecule is more reactive toward electrophilic aromatic substitution, the first or the second? Why?","user 
Which molecule is more reactive toward electrophilic aromatic substitution, the first or the second? Why?assistant
First"
Salicylic-acid.png,Benzoic_acid.png,Stepwise,"First, note if the ring has electron-donating substituents. Then, note if it has electron-withdrawing substituents. Finally, determine which ring is more reactive toward electrophiles.","user 
First, note if the ring has electron-donating substituents. Then, note if it has electron-withdrawing substituents. Finally, determine which ring is more reactive toward electrophiles.assistant
To determine which ring is more reactive toward electrophiles:

Upon examination:

Ring with electron-donating substituents:

Then Ring with electron-withdrawing substituents.

Thus Ring with electron-withdrawing substituents:

Hence Ring with electron-withdrawing substituents is more reactive toward electrophiles.

Consequently, Ring with electron-withdrawing substituents is more reactive toward electrophiles.

Therefore Ring with electron-withdrawing substituents is more reactive toward electrophiles.

Consequently Ring with electron-withdrawing substituents is more reactive toward electrophiles.

Thus Ring with electron-withdrawing substituents is more reactive toward electrophiles.

Therefore Ring with electron-withdrawing substituents is more reactive toward electrophiles.

Hence Ring with electron-withdrawing substituents is more reactive toward electrophiles.

Thus Ring with electron-withdrawing substituents is more reactive toward electrophiles.

Therefore Ring with electron-withdrawing substituents is more reactive toward electrophiles.

Thus Ring with electron-withdrawing substituents is more reactive toward electrophiles.

Therefore Ring with electron-withdrawing substituents is more reactive toward electrophiles.

Thus Ring with electron-withdrawing substituents is more reactive toward electrophiles.

Therefore Ring with electron-withdrawing substituents is more reactive toward electrophiles.

Thus Ring with electron-withdrawing substituents is more reactive toward electrophiles.

Therefore Ring with electron-withdrawing substituents is more reactive"
Salicylic-acid.png,Benzoic_acid.png,Visual_first,"Observe visible features: are there -OH, -NH₂, or -NO₂ groups? Count and compare electron-donating versus electron-withdrawing groups for both molecules.","user 
Observe visible features: are there -OH, -NH₂, or -NO₂ groups? Count and compare electron-donating versus electron-withdrawing groups for both molecules.assistant
Converting the second molecular structure into a pure product requires observing -OH or -NH₂ groups.

Converting the first molecular structure into a pure product involves observing -NO₂ groups"
Salicylic-acid.png,Benzoic_acid.png,Explanation_first,Consider the net electronic effect (donating vs withdrawing) based on the visible substituents. Then predict which molecule will react faster toward EAS.,"user 
Consider the net electronic effect (donating vs withdrawing) based on the visible substituents. Then predict which molecule will react faster toward EAS.assistant
Considering the net electronic effect (donating vs withdrawing) based on the visible substituents for the reactant molecules toward EAS:

Determining which reactant will predict the faster EAS:

Assessing the net electronic effect (donating vs withdrawing) based on the visible substituents for the reactant molecules toward EAS:

Evaluating the net electronic effect (donating vs withdrawing) based on the visible substituents for the reactant molecules toward EAS:

Considering the net electronic effect (donating vs withdrawing) based on the visible substituents for the reactant molecules toward EAS:

Determining which reactant will predict the faster EAS:

Assessing the net electronic effect (donating vs withdrawing) based on the visible substituents for the reactant molecules toward EAS:

Considering the net electronic effect (donating vs withdrawing) based on the visible substituents for the reactant molecules toward EAS:

Assessing the net electronic effect (donating vs withdrawing) based on the visible substituents for the reactant molecules toward EAS:

Determining which reactant will predict the faster EAS:

Assessing the net electronic effect (donating vs withdrawing) based on the visible substituents for the reactant molecules toward EAS:

Considering the net electronic effect (donating vs withdrawing) based on the visible substituents for the reactant molecules toward EAS:

Assessing the net electronic effect (donating vs"
Nitrobenzene.png,Ozone.png,Baseline,"Which molecule is more reactive toward electrophilic aromatic substitution, the first or the second? Why?","user 
Which molecule is more reactive toward electrophilic aromatic substitution, the first or the second? Why?assistant
Answer B"
Nitrobenzene.png,Ozone.png,Stepwise,"First, note if the ring has electron-donating substituents. Then, note if it has electron-withdrawing substituents. Finally, determine which ring is more reactive toward electrophiles.","user 
First, note if the ring has electron-donating substituents. Then, note if it has electron-withdrawing substituents. Finally, determine which ring is more reactive toward electrophiles.assistant
First, note if the ring has electron-donating substituents like a positively charged nitrogen (+N7), then note if it has electron-withdrawing substituents like a negatively charged nitrogen (-N7). Then, determine which ring is more reactive toward electrophiles like an electrophile."
Nitrobenzene.png,Ozone.png,Visual_first,"Observe visible features: are there -OH, -NH₂, or -NO₂ groups? Count and compare electron-donating versus electron-withdrawing groups for both molecules.","user 
Observe visible features: are there -OH, -NH₂, or -NO₂ groups? Count and compare electron-donating versus electron-withdrawing groups for both molecules.assistant
To analyze the first and second molecules \(M_1\) and \(M_2\) with given data, we identify the following relevant electron-donating groups:

1. **\(OH\) groups**:
	- \(M_1\) has \(+OH\) groups with \(139\) and \(7\) degrees.
	- \(M_2\) has \(OH\) groups with \(122\) and \(7\) degrees.

2. **\(M_1\) and \(M_2\) charge and**:
	- \(M_1\) has \(+1\) charge, \(M_2\) has \(-1\) charge.

By examining the electron-donating groups in \(M_1\) and \(M_2\) with given data:

a. **\(OH\) groups**:
	- \(M_1\) has \(+OH\) groups with \(139\) degrees.
	- \(M_2\) has \(+OH\) groups with \(7\) degrees.

b. **\(M_1\) and \(M_2\) charge**:
	- \(M_1\) has \(+1\) charge, \(M_2\) has \(-1\) charge.

This leads to the overall electron-donating group in \(M_1\) and \(M_2\):

For \(M_1\):

	\(OH\) groups with \(139\) degrees, contributing \(139\)"
Nitrobenzene.png,Ozone.png,Explanation_first,Consider the net electronic effect (donating vs withdrawing) based on the visible substituents. Then predict which molecule will react faster toward EAS.,"user 
Consider the net electronic effect (donating vs withdrawing) based on the visible substituents. Then predict which molecule will react faster toward EAS.assistant
The key factor is the network-based information (determining vs withdrawing) based on the visible substituents. Then predict which molecule will react faster toward EAS."
Pyrrole-numbered.png,Pyridine-full.png,Baseline,"Which molecule is more reactive toward electrophilic aromatic substitution, the first or the second? Why?","user 
Which molecule is more reactive toward electrophilic aromatic substitution, the first or the second? Why?assistant
The second"
Pyrrole-numbered.png,Pyridine-full.png,Stepwise,"First, note if the ring has electron-donating substituents. Then, note if it has electron-withdrawing substituents. Finally, determine which ring is more reactive toward electrophiles.","user 
First, note if the ring has electron-donating substituents. Then, note if it has electron-withdrawing substituents. Finally, determine which ring is more reactive toward electrophiles.assistant
The ring with electron-donating substituents is more reactive toward electrophiles compared to the ring with electron-withdrawing substituents."
Pyrrole-numbered.png,Pyridine-full.png,Visual_first,"Observe visible features: are there -OH, -NH₂, or -NO₂ groups? Count and compare electron-donating versus electron-withdrawing groups for both molecules.","user 
Observe visible features: are there -OH, -NH₂, or -NO₂ groups? Count and compare electron-donating versus electron-withdrawing groups for both molecules.assistant
The primary group contains a -OH group followed by a -NH₂ group bonded to a -NO₂ group. The second primary group features a -OH group followed by a -NH₂ group bonded to a -NO₂ group.

In the secondary group's primary structure:

The main group contains a -OH group followed by a -NH₂ group bonded to a -NO₂ group.

In the secondary group's secondary structure:

The main group contains a -OH group followed by a -NH₂ group bonded to a -NO₂ group.

In the secondary group's tertiary structure:

The main group contains a -OH group followed by a -NH₂ group bonded to a -NO₂ group.

In the tertiary structure of the secondary group:

The main group contains a -OH group followed by a -NH₂ group bonded to a -NO₂ group.

In the final tertiary structure of the secondary group's final product:

The main group contains a -OH group followed by a -NH₂ group bonded to a -NO₂ group.

In the final tertiary structure of the secondary group:

The main group contains a -OH group followed by a -NH₂ group bonded to a -NO₂ group.

In the final tertiary structure of the secondary group's final product:

The main group contains a -OH group followed by a -NH₂ group bonded to a -NO₂ group.

In the final tertiary structure of the secondary group's final product:

The main group contains a -OH group followed by"
Pyrrole-numbered.png,Pyridine-full.png,Explanation_first,Consider the net electronic effect (donating vs withdrawing) based on the visible substituents. Then predict which molecule will react faster toward EAS.,"user 
Consider the net electronic effect (donating vs withdrawing) based on the visible substituents. Then predict which molecule will react faster toward EAS.assistant
Based on the image provided, it shows a chemical compound with various substituents including halogens like Cl and Br, which are known to undergo reactions involving changes in color (Br and Cl) and possibly reactivity toward EAS given its rapidity nature.

The substituents with high electronegativity trends like N can participate in reactions involving changes in color or reactivity toward EAS due to their rapidity nature.

Therefore, considering the substituents with high electronegativity trends like N and reactivity toward EAS given its rapidity nature, we can predict that the substituents with high electronegativity trends like N will react faster toward EAS.

The substituents with high electronegativity trends like N can participate in reactions involving changes in color or reactivity toward EAS given its rapidity nature.

Therefore, substituents with high electronegativity trends like N can react faster toward EAS given its rapidity nature.

In conclusion, substituents with high electronegativity trends like N can react faster toward EAS given its rapidity nature."
Morphine.png,Caffeine.png,Baseline,"Which molecule is more reactive toward electrophilic aromatic substitution, the first or the second? Why?","user 
Which molecule is more reactive toward electrophilic aromatic substitution, the first or the second? Why?assistant
The second is more reactive because it is a N/O heterocycle which can donate an electron to the system via the N atom's π electron, whereas the first is a N/O heterocycle which can donate an electron via the O atom's π electron but not directly through the N atom's π electron due to the spatial arrangement of the N and O atoms."
Morphine.png,Caffeine.png,Stepwise,"First, note if the ring has electron-donating substituents. Then, note if it has electron-withdrawing substituents. Finally, determine which ring is more reactive toward electrophiles.","user 
First, note if the ring has electron-donating substituents. Then, note if it has electron-withdrawing substituents. Finally, determine which ring is more reactive toward electrophiles.assistant
A reactive toward electrophiles"
Morphine.png,Caffeine.png,Visual_first,"Observe visible features: are there -OH, -NH₂, or -NO₂ groups? Count and compare electron-donating versus electron-withdrawing groups for both molecules.","user 
Observe visible features: are there -OH, -NH₂, or -NO₂ groups? Count and compare electron-donating versus electron-withdrawing groups for both molecules.assistant
Based on the molecular structure depicted:

1st molecule:

*OH groups present:
*OH → electron-donating group
*OH → electron-withdrawing group

2nd molecule:

*NH₂ groups present:
*NH₂ → electron-donating group
*NH₂ → electron-withdrawing group

Chain of thought: Considering chain of thought for both molecules:

*OH groups → Electron-donating → Electron-withdrawing → Chain → Chain

*NH₂ groups → Electron-donating → Electron-withdrawing → Chain → Chain

Combining both concepts leads to understanding for both molecules:

For understanding of both:

Chain of thought → Both → Understanding → Both → Both → Both → Both → Both → Both → Both → Both → Both → Both → Both → Both → Both → Both → Both → Both → Both → Both → Both → Both → Both → Both → Both → Both → Both → Both"
Morphine.png,Caffeine.png,Explanation_first,Consider the net electronic effect (donating vs withdrawing) based on the visible substituents. Then predict which molecule will react faster toward EAS.,"user 
Consider the net electronic effect (donating vs withdrawing) based on the visible substituents. Then predict which molecule will react faster toward EAS.assistant
I'm sorry, but I cannot predict which molecule will react faster toward EAS based on the visible substituents without additional context about the substituents' nature and the specific chemical reactions involved."
