image1,image2,prompt_type,prompt_number,prompt_text,generated_text
Aniline.png,Phenol.png,Visual_first,1,Look at the structure of both molecules. Which one has a group that looks easier to break off? Use this to decide which could follow an SN1 path.,"user 
Look at the structure of both molecules. Which one has a group that looks easier to break off? Use this to decide which could follow an SN1 path.assistant
The molecule shown has a group that looks easier to break off, which is the hydroxyl group (-OH) at the bottom right corner. This group can readily donate a proton (H+), which is characteristic of a Brønsted acid.

In the context of SN1 reaction mechanism, this group's reactivity makes it more susceptible to proton loss under appropriate conditions, such as at a higher pH or presence of a strong Lewis acid catalyst. This increased reactivity facilitates the formation of a carbocation intermediate, which can then lead to the loss of the electron equivalent, resulting in the formation of a carbon product.

Thus, based on the reactivity of the hydroxyl group present in the molecule shown, it would be more likely to follow an SN1 path compared to a molecule that does not have this type of group readily available for proton loss."
Aniline.png,Phenol.png,Visual_first,2,Start by examining the central atoms and their connections. Which molecule appears more capable of stabilizing a positive charge if a group leaves?,"user 
Start by examining the central atoms and their connections. Which molecule appears more capable of stabilizing a positive charge if a group leaves?assistant
The second structure appears more capable of stabilizing a positive charge if a group leaves because it has a higher number of lone pairs available to donate to an electron-deficient atom compared to the first structure. Lone pairs are pairs of electrons that are not involved in bonding and can participate in forming new bonds, thus stabilizing the positive charge of another atom in a molecule."
Aniline.png,Phenol.png,Visual_first,3,Observe the overall shape and groups attached to the carbon centers. Which molecule seems to support carbocation formation better?,"user 
Observe the overall shape and groups attached to the carbon centers. Which molecule seems to support carbocation formation better?assistant
Based on the image, the molecule with a more planar and symmetrical structure would likely support carbocation formation better. The hexagonal ring structure suggests it could provide favorable conditions for carbocation stability due to its delocalized electrons which can stabilize the positively charged carbon center by reducing the charge density around it."
Aniline.png,Phenol.png,Visual_first,4,Visually compare the two molecules. Which one shows more branching or ring structures that might stabilize a leaving group?,"user 
Visually compare the two molecules. Which one shows more branching or ring structures that might stabilize a leaving group?assistant
The second structure shows more branching or ring structures than the first one that might stabilize a leaving group. The hexagon in the center represents a ring structure which can stabilize a leaving group due to resonance effects and is generally more stable than single bonds."
Aniline.png,Phenol.png,Visual_first,5,Look at the atoms near the potential reaction site. Which one appears more substituted or supported by nearby groups?,"user 
Look at the atoms near the potential reaction site. Which one appears more substituted or supported by nearby groups?assistant
Based on the image provided, the central nitrogen atom appears more substituted or supported by nearby groups. In the case of the first structure (#NH₂), the nitrogen atom is part of an amine functional group and is flanked by two hydrogen atoms on each side of the nitrogen atom within the ring structure of the benzene ring. There are no additional substituents or functional groups directly attached to the nitrogen atom within the benzene ring.

In contrast, the second structure (#OH₂) shows a hydroxyl (-OH) functional group attached to the central carbon atom of the benzene ring. This hydroxyl group can be considered as a direct substitution of the hydrogen atom that would typically be present in a benzene ring, giving the central carbon atom a higher functionalization compared to the nitrogen atom in the first structure.

However, it's important to note that while the central carbon atom in the second structure is part of a hydroxyl functional group, which can be considered as a substitution compared to the standard benzene ring, it does not have the same number of substitutions as the nitrogen atom would typically have within an amine functional group (#NH₂). The hydroxyl group (-OH) is more commonly associated with alcohols, while the nitrogen atom in an amine is part of a more complex functional group that can have various substituents on the nitrogen atom itself within the ring structure of the benzene ring.

In summary, neither the nitrogen atom in the first structure"
Aniline.png,Phenol.png,Visual_first,6,"Start with a visual scan: does either molecule look like it has a bulky, stable framework that could hold a positive charge well?","user 
Start with a visual scan: does either molecule look like it has a bulky, stable framework that could hold a positive charge well?assistant
Yes, both molecules exhibit a stable framework structure that could potentially hold a positive charge well."
Aniline.png,Phenol.png,Visual_first,7,Compare both molecules. Which has a leaving group that looks more isolated or weakly bonded? That may point to easier SN1 reactivity.,"user 
Compare both molecules. Which has a leaving group that looks more isolated or weakly bonded? That may point to easier SN1 reactivity.assistant
The first molecule has a leaving group that looks more isolated or weakly bonded compared to the second molecule. The nitrogen atom in the first molecule is bonded to two hydrogen atoms directly next to the leaving group, and it appears to be directly linked to the carbon atom that holds the leaving group (the hydroxyl group). This arrangement makes the nitrogen-nitrogen bond relatively short compared to typical covalent bonds.

On the other hand, the second molecule has its nitrogen atom bonded to three hydrogen atoms directly next to the leaving group (the hydroxyl group). This creates a ring-like structure that might lead to a more stable structure compared to the first molecule's bond length.

In the context of SN1 reactivity, which is influenced by factors like the electron-withdrawing or -donating nature of the substituents and the bond length, the first molecule might exhibit slightly easier SN1 reactivity due to the potentially weaker bond between the nitrogen atom and the carbon atom that holds the leaving group. However, the actual reactivity depends on various factors including solvent effects, and the presence of other factors not depicted in the image."
Aniline.png,Phenol.png,Visual_first,8,Focus on any resonance structures you can infer visually. Which molecule seems better suited to delocalize a charge?,"user 
Focus on any resonance structures you can infer visually. Which molecule seems better suited to delocalize a charge?assistant
The molecule seems better suited to delocalize a charge due to the presence of a lone pair on the nitrogen atom and the aromatic ring system of the benzene ring. The lone pair on nitrogen can participate in a π electron system due to resonance stabilization, which can help in the delocalization of charge."
Aniline.png,Phenol.png,Visual_first,9,"From the structure alone, which molecule looks more likely to form a stable intermediate after bond cleavage?","user 
From the structure alone, which molecule looks more likely to form a stable intermediate after bond cleavage?assistant
The molecule attached to the carbon atom next to the first carbon in the chain seems more likely to form a stable intermediate after bond cleavage because it has a single bond to break compared to the second carbon atom which is part of a double bond that would require two steps to cleave."
Aniline.png,Phenol.png,Visual_first,10,Visually inspect the substituents. Which molecule seems more tertiary-like or ring-stabilized? That’s often better for SN1.,"user 
Visually inspect the substituents. Which molecule seems more tertiary-like or ring-stabilized? That’s often better for SN1.assistant
The image you've provided depicts two different molecules. The molecule on the left shows a nitrogen atom bonded to two hydrogen atoms and a double-bonded oxygen atom, which is a functional group commonly found in organic chemistry known as a nitrone. This molecule does not appear to have additional substituents attached to it.

The molecule on the right is cyclohexyl, which is a six-membered ring with six carbon atoms. It does not appear to be substituted either.

For the purpose of an SN1 reaction, which is a type of organic reaction mechanism, a more substituted molecule can be more SN1-stable because the substituents can help stabilize the intermediate carbocation formed during the reaction. However, cyclohexyl rings are typically more stable and less prone to form carbocations due to their ring structure.

In conclusion, neither molecule appears to be more tertiary-like or ring-stabilized in terms of their substituents for the purposes of an SN1 reaction since they are both simple, monomeric molecules."
Aniline.png,Phenol.png,Visual_first,11,Look at the atoms directly bonded to the reactive center. Which one has more electron-donating neighbors to stabilize a positive charge?,"user 
Look at the atoms directly bonded to the reactive center. Which one has more electron-donating neighbors to stabilize a positive charge?assistant
To determine which atom has more electron-donating neighbors to stabilize a positive charge, let's examine the atoms bonded to the reactive center:

1. Atoms bonded directly to the nitrogen atom:
   - Hydrogen atom: no electron-donating properties.
   - Carbon atom: no electron-donating properties unless it is bonded to a highly electron-rich group.

Since there is no information provided about the type of carbon atoms bonded to the nitrogen, we cannot conclude whether they are electron-rich groups. Therefore, the nitrogen atom itself has no significant electron-donating neighbors.

However, nitrogen atoms bonded to electron-rich groups can exhibit electron-donating properties due to the inductive effect.

Now, looking at the atoms bonded directly to the oxygen atom:

1. Atoms bonded directly to the oxygen atom:
   - Hydrogen atom: no electron-donating properties.
   - Carbon atom bonded to two hydroxyl groups (-OH): highly electron-rich due to the inductive effect of the hydroxyl groups.

Since carbon atoms bonded to two hydroxyl groups can exhibit electron-donating properties due to the inductive effect of the hydroxyl groups, the oxygen atom has electron-donating neighbors.

In conclusion, the oxygen atom has more electron-donating neighbors to stabilize a positive charge compared to the nitrogen atom in the given structure."
Aniline.png,Phenol.png,Visual_first,12,Compare both molecules side by side. Does either one show hints of conjugation or aromaticity near the reaction site?,"user 
Compare both molecules side by side. Does either one show hints of conjugation or aromaticity near the reaction site?assistant
The image shows two different molecular structures side by side:

The molecule on the left is NH2, which is ammonia. This molecule has a lone pair of electrons on the nitrogen atom which is typically used in organic synthesis to nucleophilic substitution reactions.

The molecule on the right is C6H12O6, which is glucose. The structure shows a hexagonal ring of carbon atoms with hydrogen atoms attached directly and indirectly, forming a ring structure with a hydroxyl (-OH) group attached to one of the carbon atoms.

Regarding conjugation or aromaticity, neither molecule exhibits these properties directly where the question is posed. The NH2 group is typically non-aromatic due to the absence of a ring of pi electrons which are characteristic of aromatic molecules.

The C6H12O6 molecule does not have any delocalized pi electrons across the ring structure that would indicate aromaticity either directly or indirectly through a double bond with a non aromatic ring system.

However, it is important to note that in organic chemistry, molecules can display aromatic character indirectly through the resonance structures that are formed during certain reactions. For example, during nucleophilic substitution reactions involving NH2 groups, the electron density around the nitrogen atom increases due to resonance effects, which allows the nitrogen to act as a more effective nucleophile, even though the molecule is not inherently aromatic.

In summary, neither molecule shows direct hints of conjugation or aromaticity near the reaction site as posed by the image caption."
Aniline.png,Phenol.png,Visual_first,13,Start with visual features: Which molecule has a longer alkyl chain or more branching at the site of reaction?,"user 
Start with visual features: Which molecule has a longer alkyl chain or more branching at the site of reaction?assistant
The molecule on the right has a longer alkyl chain because it has three methyl groups attached to the nitrogen atom, whereas the molecule on the left has no additional alkyl groups attached to the nitrogen atom other than the one attached to the nitrogen itself through a double bond."
Aniline.png,Phenol.png,Visual_first,14,Look for any heteroatoms or pi systems nearby. Which structure seems more able to support charge delocalization?,"user 
Look for any heteroatoms or pi systems nearby. Which structure seems more able to support charge delocalization?assistant
The structure with the nitrogen atom in the center seems more able to support charge delocalization compared to the one with the oxygen atom in the center. This is because nitrogen has a higher electronegativity than oxygen, which means it can donate its electrons more easily and support charge delocalization better within the molecule."
Aniline.png,Phenol.png,Visual_first,15,Focus on the immediate geometry around the reactive site. Which one looks more spacious or sterically able to lose a leaving group?,"user 
Focus on the immediate geometry around the reactive site. Which one looks more spacious or sterically able to lose a leaving group?assistant
The image shows a chemical structure where one of the reactive sites is at the top right corner where the nitrogen (N) atom is attached to a propionate (CH₂COOCH₃) group. This propionate group is attached to another nitrogen atom forming a secondary amine structure.

In this structure:

1. The nitrogen atom attached to the propionate group is bonded to two carbon atoms. These carbon atoms are each bonded to two hydrogen atoms, forming a tetrahedral geometry around each carbon atom.
2. The secondary amine group has a nitrogen atom bonded to two carbon atoms and three hydrogen atoms. This again forms a tetrahedral geometry around each carbon atom bonded to the nitrogen.

Both the nitrogen atom attached to the propionate group and the secondary amine nitrogen have similar steric properties—they are both tetrahedral geometries which allows for relatively free rotation around the carbon atoms bonded to the nitrogen atoms.

The ability to lose a leaving group is not directly determined by the geometry around the reactive site but rather by the chemical properties of the leaving group itself and the stability of the transition state formed during the elimination reaction. However, considering the tetrahedral geometry around the nitrogen atoms bonded to the propionate group and the secondary amine group:

Both structures would allow for relatively easy rotation and movement of the carbon atoms bonded to the nitrogen atoms, which could influence the likelihood of a leaving group to move out due to steric constraints during elimination reactions.

In the case of deciding which"
Aniline.png,Phenol.png,Visual_first,16,Observe the molecule that has fewer rigid rings or planar groups near the reactive center. That might hint at a more flexible SN1 path.,"user 
Observe the molecule that has fewer rigid rings or planar groups near the reactive center. That might hint at a more flexible SN1 path.assistant
The image you provided represents a molecule with a symmetrical planar structure around the reactive center, which is typically characteristic of a rigid ring system. This kind of molecular structure is commonly seen in SN2 reactions where the transition state is planar.

However, the molecule does not appear to have any flexible groups or fewer rigid rings near the reactive center that would suggest a more flexible SN1 path. In an SN1 mechanism, the reactant should ideally have an asymmetrical structure that can lead to a transition state with a positively charged carbon atom bonded to one leaving group.

The molecule in the image seems to be a symmetric hexameric cation with two chloride ions attached to the central carbon atom. This structure is more typical for an SN2 reaction mechanism where the transition state has an asymmetrical shape, facilitating the nucleophilic attack on the carbon atom leading to the formation of a new bond.

If we are to consider a more flexible structure for an SN1 reaction, we would typically look for a molecule with a carbon atom that can undergo a significant conformational change or has multiple bonds that can adopt different angles relative to the central carbon, which is not represented in the image you provided.

In summary, the molecule depicted does not seem to have fewer rigid rings or planar groups near the reactive center that would hint at a more flexible SN1 path."
Aniline.png,Phenol.png,Visual_first,17,Which molecule appears to have better orbital overlap or lone pairs near the reactive site to stabilize a charge?,"user 
Which molecule appears to have better orbital overlap or lone pairs near the reactive site to stabilize a charge?assistant
Based solely on the given image, both molecules have equivalent structures surrounding the nitrogen atom; however, to determine which molecule has better orbital overlap or lone pairs near the reactive site to stabilize a charge, one would typically look at the specific chemical properties of each bond's electrons. Both the amino and hydroxyl groups can donate a lone pair of electrons and form a double bond with nitrogen, which can stabilize a charge if present. Without additional chemical information or reaction context, it's not possible to definitively say which molecule would have better orbital overlap or lone pairs based solely on the image provided."
Aniline.png,Phenol.png,Visual_first,18,"Begin by visually checking for good leaving groups — halogens, OH, or similar. Which one stands out as easier to detach?","user 
Begin by visually checking for good leaving groups — halogens, OH, or similar. Which one stands out as easier to detach?assistant
OH"
Aniline.png,Phenol.png,Visual_first,19,Visually explore the molecular frameworks. Which one looks better able to form a stable ion after losing a group?,"user 
Visually explore the molecular frameworks. Which one looks better able to form a stable ion after losing a group?assistant
Based on the image alone, the second structure appears better able to form a stable ion after losing a group because it has a higher degree of formal positive charge compared to the first structure. This is indicated by the higher number of protons represented by the ""+"" sign and the arrangement of these charges relative to the atom it would lose."
Aniline.png,Phenol.png,Visual_first,20,"Start from the overall impression of both structures. Which looks more complex, branched, or capable of forming stable intermediates?","user 
Start from the overall impression of both structures. Which looks more complex, branched, or capable of forming stable intermediates?assistant
Based solely on the image provided, the overall impression is that both structures are fairly simple and do not appear to be branched or capable of forming stable intermediates. They are both organic compounds typically found in amino acids, which do not display complex branching or the formation of intermediate stable structures as they are involved in protein synthesis and metabolic processes within cells."
Paracetamol.png,Morphine.png,Visual_first,1,Look at the structure of both molecules. Which one has a group that looks easier to break off? Use this to decide which could follow an SN1 path.,"user 
Look at the structure of both molecules. Which one has a group that looks easier to break off? Use this to decide which could follow an SN1 path.assistant
Based on the structures provided, the group attached to the central carbon appears more susceptible to breaking off compared to the group attached to the nitrogen. This could imply that following an SN1 pathway might be more feasible for the compound with the central carbon group.

The reason behind this prediction lies in understanding how SN1 reactions typically proceed. Reactions involving a central carbon group often require the breaking of bonds attached to carbon atoms in order to facilitate the formation of the new bond required for the reaction to proceed. The group attached to the nitrogen presents a similar situation but might require less energy release due to the stability of the bonds involved.

The overall understanding of SN1 reactions and their influencing factors helps in determining the likelihood of a reaction following an SN1 pathway for any given compound.

In this case, the reaction following the SN1 pathway might be more likely for the compound containing the central carbon group due to the stability of the bonds attached to carbon atoms compared to the nitrogen group.

Understanding the specificities of these reactions aids in accurately predicting the outcomes for any given compound involved in SN1 reactions.

Considering the provided compounds and their structures, it becomes clear why certain groups might be more or less stable relative to others.

This understanding can then be applied to further explore the possibilities for other compounds and reactions involving SN1 reactions."
Paracetamol.png,Morphine.png,Visual_first,2,Start by examining the central atoms and their connections. Which molecule appears more capable of stabilizing a positive charge if a group leaves?,"user 
Start by examining the central atoms and their connections. Which molecule appears more capable of stabilizing a positive charge if a group leaves?assistant
Analyzing the provided image depicts a critical analysis of the molecular structure of a specific compound containing a central group bonded to other atoms forming covalent bonds. The structure and spatial arrangement highlight the importance of examining the electron cloud around central atoms contributing to chemical bonding and influencing the compound's overall reactivity.

Chain of thought analysis begins by recognizing the compound's key structural features, which include:
- Central atom bonded to covalently shared electrons forming double bonds contributing to the compound's reactivity.
- Presence of additional functional groups contributing to reactivity.
- The spatial arrangement and spatially localized electron cloud forming around the central atom contribute to chemical bonding and reactivity.

Chain of thought reasoning highlights the impact of electron cloud formation on chemical bonding and reactivity:
- Electron cloud influences the chemical bonding and reactivity of molecules containing central atoms bonded to double bonds contributing to reactivity.
- Electron cloud formation around central atoms bonded to double bonds influences the reactivity of molecules containing central atoms bonded to double bonds contributing to reactivity.

Conclusions based on this critical analysis emphasize that:
Chain of thought reasoning leads to a critical appreciation of the impact of electron cloud formation on chemical bonding and reactivity:
- Electron cloud formation around central atoms bonded to double bonds contributes to reactivity.
- Chain of thought reasoning highlights the importance of examining electron cloud formation around central atoms bonded to double bonds contributing to reactivity.

Critical Analysis:
Chain of thought reasoning leads to a critical appreciation of the impact of electron cloud formation on chemical bonding and"
Paracetamol.png,Morphine.png,Visual_first,3,Observe the overall shape and groups attached to the carbon centers. Which molecule seems to support carbocation formation better?,"user 
Observe the overall shape and groups attached to the carbon centers. Which molecule seems to support carbocation formation better?assistant
For which molecule seems to support carbocation formation better?"
Paracetamol.png,Morphine.png,Visual_first,4,Visually compare the two molecules. Which one shows more branching or ring structures that might stabilize a leaving group?,"user 
Visually compare the two molecules. Which one shows more branching or ring structures that might stabilize a leaving group?assistant
When considering the stability of leaving groups, the ring structure of the benzene in the first molecule often forms more stabilizing leaving groups compared to the straight-chain structure of the acyclic in the second molecule. This results in more stable leaving groups overall."
Paracetamol.png,Morphine.png,Visual_first,5,Look at the atoms near the potential reaction site. Which one appears more substituted or supported by nearby groups?,"user 
Look at the atoms near the potential reaction site. Which one appears more substituted or supported by nearby groups?assistant
Look at the hydrogen atoms bonded to the carbon atoms near the center of the reaction site. Which hydrogen atoms appear more substituted or supported by nearby groups?"
Paracetamol.png,Morphine.png,Visual_first,6,"Start with a visual scan: does either molecule look like it has a bulky, stable framework that could hold a positive charge well?","user 
Start with a visual scan: does either molecule look like it has a bulky, stable framework that could hold a positive charge well?assistant
Start with a visual scan: does either molecule look like it has a bulky, stable framework that could hold a positive charge well?"
Paracetamol.png,Morphine.png,Visual_first,7,Compare both molecules. Which has a leaving group that looks more isolated or weakly bonded? That may point to easier SN1 reactivity.,"user 
Compare both molecules. Which has a leaving group that looks more isolated or weakly bonded? That may point to easier SN1 reactivity.assistant
Both molecules exhibit a general trend toward electron delocalization, which is often a precursor to electron transfer or chemical activation processes.

The second molecule displays more structural stability and rigidity compared to the first one, which may suggest that it might require more energy to initiate the process leading to electron delocalization or reorganization.

In this context, the choice between these two molecules ultimately depends on the specific application requirements, such as reactivity versus selectivity, and the ability of each individual to adapt to changing conditions.

Considering the overall trend observed across various fields relating to the use of molecules in chemical reactions, the choice between these two molecules might depend on the particular scenario in which one wishes to achieve the desired outcome, balancing the need for speed versus selectivity.

Ultimately, these molecules serve as powerful tools in the field of chemical reactions, and the decision between them likely hinges on the specific application goals, the understanding of the underlying principles governing molecular transformations, and the ability to adapt to changing conditions.

The choice between these two molecules might depend on the specific scenario in which one wishes to achieve the desired outcome, balancing the need for speed versus selectivity.

Ultimately, these molecules serve as powerful tools in the field of chemical reactions, and the decision between them likely hinges on the specific application goals, the understanding of the underlying principles governing molecular transformations, and the ability to adapt to changing conditions.

The choice between these two molecules might depend on the specific scenario in which one wishes to achieve the desired outcome, balancing the"
Paracetamol.png,Morphine.png,Visual_first,8,Focus on any resonance structures you can infer visually. Which molecule seems better suited to delocalize a charge?,"user 
Focus on any resonance structures you can infer visually. Which molecule seems better suited to delocalize a charge?assistant
In this image, I see molecules predominantly in isolation with some basic connections between atoms forming bonds. The one on the left seems better connected in terms of delocalizing electrons rather than the one on the right where the bonds look more rigid."
Paracetamol.png,Morphine.png,Visual_first,9,"From the structure alone, which molecule looks more likely to form a stable intermediate after bond cleavage?","user 
From the structure alone, which molecule looks more likely to form a stable intermediate after bond cleavage?assistant
In the image, molecule looks more likely to form a stable intermediate after bond cleavage compared to other molecules because it contains several rings, which can act as conjugating groups, and its overall structure looks quite rigid with fewer conformations available to it.

Furthermore, the image only shows two conformations for molecule and its associated conformations for bond cleavage, whereas there are several conformations available for other molecules shown in the image which might hinder them forming stable intermediates upon bond cleavage compared to molecule.

In conclusion, molecule looks more likely to form a stable intermediate after bond cleavage compared to other molecules shown in the image due to its conformations and potential for conjugating groups within its structure."
Paracetamol.png,Morphine.png,Visual_first,10,Visually inspect the substituents. Which molecule seems more tertiary-like or ring-stabilized? That’s often better for SN1.,"user 
Visually inspect the substituents. Which molecule seems more tertiary-like or ring-stabilized? That’s often better for SN1.assistant
The substituents look more ring-stabilized than highly substituted with multiple substituents. That's often better for SN1, providing stability."
Paracetamol.png,Morphine.png,Visual_first,11,Look at the atoms directly bonded to the reactive center. Which one has more electron-donating neighbors to stabilize a positive charge?,"user 
Look at the atoms directly bonded to the reactive center. Which one has more electron-donating neighbors to stabilize a positive charge?assistant
Look at the atoms directly bonded to the reactive center. Which one has more electron-donating neighbors to stabilize a positive charge?"
Paracetamol.png,Morphine.png,Visual_first,12,Compare both molecules side by side. Does either one show hints of conjugation or aromaticity near the reaction site?,"user 
Compare both molecules side by side. Does either one show hints of conjugation or aromaticity near the reaction site?assistant
The image displays two distinct molecular structures. The first structure, positioned on the left side, features a molecule characterized by multiple bonds and a reactive nature indicative of enzymatic activity towards specific target sites. The second structure, located on the right side of the image, represents a molecule displaying properties of high reactivity near its reaction site.

Both structures appear to be in a state of equilibrium, exhibiting stability yet remain reactive towards specific target sites.

In the first structure depicted on the left side of the image:


In the second structure depicted on the right side of the image:"
Paracetamol.png,Morphine.png,Visual_first,13,Start with visual features: Which molecule has a longer alkyl chain or more branching at the site of reaction?,"user 
Start with visual features: Which molecule has a longer alkyl chain or more branching at the site of reaction?assistant
In a hypothetical chemical reaction involving a longer alkyl chain or more branching sites, those molecules would typically have more complex structures compared to those with shorter alkyl chains or fewer branches.

A more abstract chemical reaction involving a longer alkyl chain or more branching might involve:
A → B
Where A represents a molecule with a longer alkyl chain or more branching sites.

For a hypothetical chemical reaction involving a longer alkyl chain or more branching sites:

A → B

The overall outcome of the reaction would depend on the specific conditions and reagents used.

A more complex chemical reaction might involve:
A → B
Where A represents a molecule with a longer alkyl chain or more branching sites.

A hypothetical chemical reaction involving a longer alkyl chain or more branching sites might involve:
A → B
Where A represents a molecule with a longer alkyl chain or more branching sites.

For a hypothetical chemical reaction involving a longer alkyl chain or more branching sites:

A → B

The overall outcome of the reaction would depend on the specific conditions and reagents used.

A more complex chemical reaction might involve:
A → B
Where A represents a molecule with a longer alkyl chain or more branching sites.

A hypothetical chemical reaction involving a longer alkyl chain or more branching sites might involve:
A → B
Where A represents a molecule with a longer alkyl chain or more branching sites.

For a hypothetical chemical reaction involving a longer alkyl chain or more branching sites:

A → B

The overall outcome"
Paracetamol.png,Morphine.png,Visual_first,14,Look for any heteroatoms or pi systems nearby. Which structure seems more able to support charge delocalization?,"user 
Look for any heteroatoms or pi systems nearby. Which structure seems more able to support charge delocalization?assistant
Answer"
Paracetamol.png,Morphine.png,Visual_first,15,Focus on the immediate geometry around the reactive site. Which one looks more spacious or sterically able to lose a leaving group?,"user 
Focus on the immediate geometry around the reactive site. Which one looks more spacious or sterically able to lose a leaving group?assistant
To lose a leaving group"
Paracetamol.png,Morphine.png,Visual_first,16,Observe the molecule that has fewer rigid rings or planar groups near the reactive center. That might hint at a more flexible SN1 path.,"user 
Observe the molecule that has fewer rigid rings or planar groups near the reactive center. That might hint at a more flexible SN1 path.assistant
You've illustrated a key intermediate en route to a reactive SN1. This structure hints at an increased flexibility, which might play a crucial role in dictating the overall reactivity toward SN1."
Paracetamol.png,Morphine.png,Visual_first,17,Which molecule appears to have better orbital overlap or lone pairs near the reactive site to stabilize a charge?,"user 
Which molecule appears to have better orbital overlap or lone pairs near the reactive site to stabilize a charge?assistant
Which molecule"
Paracetamol.png,Morphine.png,Visual_first,18,"Begin by visually checking for good leaving groups — halogens, OH, or similar. Which one stands out as easier to detach?","user 
Begin by visually checking for good leaving groups — halogens, OH, or similar. Which one stands out as easier to detach?assistant
OH"
Paracetamol.png,Morphine.png,Visual_first,19,Visually explore the molecular frameworks. Which one looks better able to form a stable ion after losing a group?,"user 
Visually explore the molecular frameworks. Which one looks better able to form a stable ion after losing a group?assistant
What looks better able to form a stable ion after losing a group?

The first one looks better able to form a stable ion after losing a group compared to the second one."
Paracetamol.png,Morphine.png,Visual_first,20,"Start from the overall impression of both structures. Which looks more complex, branched, or capable of forming stable intermediates?","user 
Start from the overall impression of both structures. Which looks more complex, branched, or capable of forming stable intermediates?assistant
Complexity seems to arise primarily due to the branching nature of both structures and the formation of intermediate compounds within them. It’s less about forming stable intermediates than about their potential and how they interconnect and relate.

For instance, it’s not less complex than it’s less predictable how one compound’s formation might impact another, and vice versa, leading to forming stable compounds or intermediates capable of doing so themselves.

In summary, the branching, interconnected nature of both structures makes them potentially complex, with unpredictable yet fascinating outcomes."
Caffeine.png,Adenine.png,Visual_first,1,Look at the structure of both molecules. Which one has a group that looks easier to break off? Use this to decide which could follow an SN1 path.,"user 
Look at the structure of both molecules. Which one has a group that looks easier to break off? Use this to decide which could follow an SN1 path.assistant
In this image"
Caffeine.png,Adenine.png,Visual_first,2,Start by examining the central atoms and their connections. Which molecule appears more capable of stabilizing a positive charge if a group leaves?,"user 
Start by examining the central atoms and their connections. Which molecule appears more capable of stabilizing a positive charge if a group leaves?assistant
When assessing whether a molecule can stabilize a positive charge if a group leaves, consider the central atoms and their connections. In this case, the central atoms are N and H, and the bonds formed include N-H bonds, which are typically strong and capable of stabilizing positive charges. Additionally, the presence of N atoms bonded to the central atoms allows the molecule to stabilize positive charges effectively. Thus, even if a group leaves, the remaining atoms and their bonds should be able to maintain stability for positive charges."
Caffeine.png,Adenine.png,Visual_first,3,Observe the overall shape and groups attached to the carbon centers. Which molecule seems to support carbocation formation better?,"user 
Observe the overall shape and groups attached to the carbon centers. Which molecule seems to support carbocation formation better?assistant
Based on the analysis of various molecules supporting carbocation formation better"
Caffeine.png,Adenine.png,Visual_first,4,Visually compare the two molecules. Which one shows more branching or ring structures that might stabilize a leaving group?,"user 
Visually compare the two molecules. Which one shows more branching or ring structures that might stabilize a leaving group?assistant
Answering the question using relevant knowledge:

Comparing the two molecules, we see that one has fewer rings and fewer branches compared to the other molecule. This difference might contribute to the overall stability or the potential for the formation of leaving groups in the first molecule compared to the second molecule.

Looking at the second molecule, we notice that it features several branches connected to rings, which can provide structural rigidity and the potential for more complex chemical transformations compared to the first molecule.

From this observation, it becomes apparent that the first molecule might exhibit more flexibility or fewer rings compared to the second molecule, which might be more stable due to its structural rigidity provided by the rings connected by branches.

In conclusion, the difference in structural features between these molecules could influence their reactivity or stability in the context of forming leaving groups, making the second molecule more prone to forming leaving groups compared to the first molecule.

In summary, while both molecules can form leaving groups, the differences in structural rigidity provided by rings connected by branches between these molecules could make the second molecule more reactive or more prone to forming leaving groups compared to the first molecule.

Considering this, the answer to the question based on relevant knowledge would be:

""In summary, while both molecules can form leaving groups, the second molecule might exhibit more flexibility or fewer rings compared to the first molecule.""

In conclusion, the second molecule might be more reactive or more prone to forming leaving groups compared to the first molecule due to differences in structural rigidity provided by rings connected"
Caffeine.png,Adenine.png,Visual_first,5,Look at the atoms near the potential reaction site. Which one appears more substituted or supported by nearby groups?,"user 
Look at the atoms near the potential reaction site. Which one appears more substituted or supported by nearby groups?assistant
Look at the atoms near the potential reaction site. Which one appears more substituted or supported by nearby groups"
Caffeine.png,Adenine.png,Visual_first,6,"Start with a visual scan: does either molecule look like it has a bulky, stable framework that could hold a positive charge well?","user 
Start with a visual scan: does either molecule look like it has a bulky, stable framework that could hold a positive charge well?assistant
Is there any reason to think that these molecules have a tendency towards forming a complex bond structure"
Caffeine.png,Adenine.png,Visual_first,7,Compare both molecules. Which has a leaving group that looks more isolated or weakly bonded? That may point to easier SN1 reactivity.,"user 
Compare both molecules. Which has a leaving group that looks more isolated or weakly bonded? That may point to easier SN1 reactivity.assistant
A leaving group with a strong bond typically looks more isolated or weakly bonded compared to a leaving group with a weaker bond that may point to easier reactivity"
Caffeine.png,Adenine.png,Visual_first,8,Focus on any resonance structures you can infer visually. Which molecule seems better suited to delocalize a charge?,"user 
Focus on any resonance structures you can infer visually. Which molecule seems better suited to delocalize a charge?assistant
Based on the visual and inferred resonance structures, the molecule on the right seems better suited to delocalize a charge due to its extended and planar bond system which typically allows for greater electron movement and delocalization across the molecule's framework.

The planar bond system shown indicates an extended conjugation which allows electrons to move freely throughout the molecule. This extended conjugation leads to an increased electron delocalization which can facilitate the delocation of a charge across the molecule's framework.

Overall, the delocation of a charge seems more feasible across the extended conjugation system shown in the molecule on the right compared to the planar and localized bond system shown in the molecule on the left."
Caffeine.png,Adenine.png,Visual_first,9,"From the structure alone, which molecule looks more likely to form a stable intermediate after bond cleavage?","user 
From the structure alone, which molecule looks more likely to form a stable intermediate after bond cleavage?assistant
The molecule depicted with the intermediate state looks more stable after bond cleavage compared to the one shown with multiple intermediate states and a non-bonded hydrogen."
Caffeine.png,Adenine.png,Visual_first,10,Visually inspect the substituents. Which molecule seems more tertiary-like or ring-stabilized? That’s often better for SN1.,"user 
Visually inspect the substituents. Which molecule seems more tertiary-like or ring-stabilized? That’s often better for SN1.assistant
Based on the image provided and incorporating relevant knowledge, the substituents featuring prominently appear to be:

- Aniline (-2): The substituents feature aniline (-2) that is ring-stabilized due to the aromatic nature of the substituents involved.
- Methyl (-2): There is methyl (-2) that is ring-stabilized due to the substituents involved being less reactive than the aromatic ones involved.
- Nitro (-2): The substituents featuring nitro (-2) are ring-stabilized due to the less reactive substituents involved compared to the aromatic ones involved.

Combining the ring-stabilized nature of these substituents with the concept of maximizing their reactivity through appropriate substitutions involving functional groups (-2):

- The substituents feature aniline (-2) that are ring-stabilized due to the aromatic nature of the substituents involved.
- The substituents feature methyl (-2) that are ring-stabilized due to the less reactive substituents involved compared to the aromatic ones involved.
- The substituents feature nitro (-2) that are ring-stabilized due to the less reactive substituents involved compared to the aromatic ones involved.

Therefore, the substituents featuring aniline (-2) would be the most reactive ones among the provided substituents when considering the concept of maximizing their reactivity through appropriate substitutions involving functional groups (-2)."
Caffeine.png,Adenine.png,Visual_first,11,Look at the atoms directly bonded to the reactive center. Which one has more electron-donating neighbors to stabilize a positive charge?,"user 
Look at the atoms directly bonded to the reactive center. Which one has more electron-donating neighbors to stabilize a positive charge?assistant
Look at the bond angles"
Caffeine.png,Adenine.png,Visual_first,12,Compare both molecules side by side. Does either one show hints of conjugation or aromaticity near the reaction site?,"user 
Compare both molecules side by side. Does either one show hints of conjugation or aromaticity near the reaction site?assistant
To answer this question"
Caffeine.png,Adenine.png,Visual_first,13,Start with visual features: Which molecule has a longer alkyl chain or more branching at the site of reaction?,"user 
Start with visual features: Which molecule has a longer alkyl chain or more branching at the site of reaction?assistant
Based on visual features, a molecule with a longer alkyl chain or more branching at the site of reaction might have a more complex structure or may be involved in processes that require a greater surface area or may participate in biochemical reactions that require specific geometries or molecular shapes for optimal function or interactions."
Caffeine.png,Adenine.png,Visual_first,14,Look for any heteroatoms or pi systems nearby. Which structure seems more able to support charge delocalization?,"user 
Look for any heteroatoms or pi systems nearby. Which structure seems more able to support charge delocalization?assistant
The structure with the most heteroatoms"
Caffeine.png,Adenine.png,Visual_first,15,Focus on the immediate geometry around the reactive site. Which one looks more spacious or sterically able to lose a leaving group?,"user 
Focus on the immediate geometry around the reactive site. Which one looks more spacious or sterically able to lose a leaving group?assistant
The leaving group appears to be in a relatively accessible position for the incoming species, suggesting a loss mechanism that doesn’t heavily rely on the available space around it.

In terms of the potential loss sites, the one near the 6th position seems to be in a relatively stable conformation for the current situation. This might allow for a slower loss compared to sites near less stable configurations like those near the 7th position.

Considering the spatial relationships, the leaving group at the 6th position seems to be in a relatively protected position relative to its possible loss mechanisms due to its proximity to other species.

In summary, the leaving group at the 6th position appears to be in a relatively stable position relative to its possible loss mechanisms, suggesting that it might be relatively able to maintain its current state for a while compared to sites near less stable configurations like those near the 7th position.

**Potential for Loss:**
- The leaving group at the 6th position appears relatively stable.
- The spatial relationships indicate that it is less likely to be affected by loss mechanisms that rely on the available space compared to sites near less stable configurations like those near the 7th position.

In summary, the leaving group at the 6th position seems to be in a relatively protected position relative to its possible loss mechanisms compared to other species that might be more prone to losing their stability due to their spatial relationships.

**Potential Loss:**
- The leaving group at the 6th position appears relatively stable"
Caffeine.png,Adenine.png,Visual_first,16,Observe the molecule that has fewer rigid rings or planar groups near the reactive center. That might hint at a more flexible SN1 path.,"user 
Observe the molecule that has fewer rigid rings or planar groups near the reactive center. That might hint at a more flexible SN1 path.assistant
The structure you've provided shows a molecule with multiple reactive centers, particularly highlighted for the sulfur (S) and nitrogen (N) atoms involved in potential SN1 pathways.

In your molecule's structure:

- The sulfur (S) atom is connected to multiple high-reactive substituents forming a planar S backbone, which is beneficial for kinetic energy conservation.
- The nitrogen (N) atom is also connected to a similar planar backbone, enhancing the reactivity of the SN1 pathway.

In the context of your question about a possible reactivity:

If we consider the reaction as a series of steps involving the formation and breaking of covalent bonds:

1. **Formation step**: The initial formation involves the breaking of the C-S and C-N bonds releasing energy stored in the high-contractile covalent bonds formed between these molecules.

2. **Degeneration step**: As the energy is released breaking these covalent bonds releasing potential kinetic energy forming highly reactive intermediates. 

3. **Degeneration step**: The energy is used breaking the covalent bonds releasing potential kinetic energy forming highly reactive intermediates. 

4. **Degeneration step**: The energy is used breaking the covalent bonds releasing potential kinetic energy forming highly reactive intermediates.

In the context of your question:

The structure shows a highly reactive system with potential high reactivity due to the presence of multiple reactive centers. The formation step is a release of energy stored in high-contractile covalent bonds"
Caffeine.png,Adenine.png,Visual_first,17,Which molecule appears to have better orbital overlap or lone pairs near the reactive site to stabilize a charge?,"user 
Which molecule appears to have better orbital overlap or lone pairs near the reactive site to stabilize a charge?assistant
Based on the provided image of a molecule containing a red and blue color scheme with a chemical structure around it.

In my opinion,

A more realistic answer would be to consider the following options:

The red color could represent:

A molecule containing a red color with surrounding atomic structures indicating a potential
In my opinion,
A more stable molecule

The blue color could represent:

A molecule containing a blue color with surrounding atomic structures indicating a possible
In my opinion,
A less stable molecule

Considering the two options above:

The red color could represent a molecule with a more
In my opinion,
A potentially
A more stable molecule

The blue color could represent a molecule with a less
In my opinion
A potentially
A less stable molecule"
Caffeine.png,Adenine.png,Visual_first,18,"Begin by visually checking for good leaving groups — halogens, OH, or similar. Which one stands out as easier to detach?","user 
Begin by visually checking for good leaving groups — halogens, OH, or similar. Which one stands out as easier to detach?assistant
It appears that the weaker leaving group is the one with the easiest to detach characteristic."
Caffeine.png,Adenine.png,Visual_first,19,Visually explore the molecular frameworks. Which one looks better able to form a stable ion after losing a group?,"user 
Visually explore the molecular frameworks. Which one looks better able to form a stable ion after losing a group?assistant
Based on the given molecular frameworks, Framework 7 looks better able to form a stable ion after losing a group compared to Frameworks 6 and 1. It has a complete backbone that is not disrupted by the missing group, and it retains most of its functional groups intact. Framework 7 is more stable and less prone to losing its structural integrity compared to Frameworks 6 and 1."
Caffeine.png,Adenine.png,Visual_first,20,"Start from the overall impression of both structures. Which looks more complex, branched, or capable of forming stable intermediates?","user 
Start from the overall impression of both structures. Which looks more complex, branched, or capable of forming stable intermediates?assistant
Based on structural complexity and potential to form stable intermediates, both look fairly intricate but more capable of forming stable intermediates rather than complex, branched forms.

In terms of potential to form complex, branched forms, there are some structural details that could make one more complex or branched, such as the presence of functional groups forming rings, which could potentially add complexity or make one more branched.

However, due to the presence of detailed structural elements and potential to form stable intermediates, neither seems overly complex or branched compared to more generalizable or simplified forms often seen in organic synthesis charts."
